北京博爱医院,综合医院,三级甲等,北京市（42家）,,,,百度地图,,
北京大学第六医院,专科医院,三级甲等,北京市（42家）,,,,百度地图,,
北京大学第三医院,综合医院,三级甲等,北京市（42家）,,,,百度地图,,
北京大学第一医院,综合医院,三级甲等,北京市（42家）,,,,百度地图,,
北京大学口腔医院,专科医院,三级甲等,北京市（42家）,,,,百度地图,,
北京大学人民医院,综合医院,三级甲等,北京市（42家）,,,,百度地图,,
北京大学首钢医院,综合医院,三级未定等,北京市（42家）,,,,百度地图,,
北京华信医院,综合医院,三级未定等,北京市（42家）,,,,百度地图,,
北京回龙观医院,专科医院,三级甲等,北京市（42家）,,,,百度地图,,
北京积水潭医院,综合医院,三级甲等,北京市（42家）,,,,百度地图,,
北京京煤集团总医院,综合医院,三级未定等,北京市（42家）,,,,百度地图,,
北京老年医院,综合医院,三级未定等,北京市（42家）,,,,百度地图,,
北京市安康医院,专科医院,三级未定等,北京市（42家）,,,,百度地图,,
北京小汤山医院,综合医院,三级未定等,北京市（42家）,,,,百度地图,,
北京燕化医院,综合医院,三级未定等,北京市（42家）,,,,百度地图,,
北京肿瘤医院,专科医院,三级甲等,北京市（42家）,,,,百度地图,,
航天中心医院,综合医院,三级未定等,北京市（42家）,,,,百度地图,,
华北电网有限公司北京电力医院,综合医院,三级未定等,北京市（42家）,,,,百度地图,,
煤炭总医院,综合医院,三级未定等,北京市（42家）,,,,百度地图,,
民航总医院,综合医院,三级未定等,北京市（42家）,,,,百度地图,,
首都儿科研究所附属儿童医院,专科医院,三级甲等,北京市（42家）,,,,百度地图,,
首都医科大学附属北京安定医院,专科医院,三级甲等,北京市（42家）,,,,百度地图,,
首都医科大学附属北京安贞医院,综合医院,三级甲等,北京市（42家）,,,,百度地图,,
首都医科大学附属北京朝阳医院,综合医院,三级甲等,北京市（42家）,,,,百度地图,,
首都医科大学附属北京地坛医院,专科医院,三级甲等,北京市（42家）,,,,百度地图,,
首都医科大学附属北京儿童医院,专科医院,三级甲等,北京市（42家）,,,,百度地图,,
首都医科大学附属北京妇产医院,专科医院,三级甲等,北京市（42家）,,,,百度地图,,
首都医科大学附属北京口腔医院,专科医院,三级甲等,北京市（42家）,,,,百度地图,,
首都医科大学附属北京世纪坛医院,综合医院,三级甲等,北京市（42家）,,,,百度地图,,
首都医科大学附属北京天坛医院,综合医院,三级甲等,北京市（42家）,,,,百度地图,,
首都医科大学附属北京同仁医院,综合医院,三级甲等,北京市（42家）,,,,百度地图,,
首都医科大学附属北京胸科医院,专科医院,三级甲等,北京市（42家）,,,,百度地图,,
首都医科大学附属北京友谊医院,综合医院,三级甲等,北京市（42家）,,,,百度地图,,
首都医科大学附属北京佑安医院,专科医院,三级甲等,北京市（42家）,,,,百度地图,,
首都医科大学附属复兴医院,综合医院,三级未定等,北京市（42家）,,,,百度地图,,
首都医科大学宣武医院,综合医院,三级甲等,北京市（42家）,,,,百度地图,,
卫生部北京医院,综合医院,三级甲等,北京市（42家）,,,,百度地图,,
卫生部中日友好医院,综合医院,三级甲等,北京市（42家）,,,,百度地图,,
中国医学科学院北京协和医院,综合医院,三级甲等,北京市（42家）,,,,百度地图,,
中国医学科学院阜外心血管病医院,专科医院,三级甲等,北京市（42家）,,,,百度地图,,
中国医学科学院整形外科医院,专科医院,三级甲等,北京市（42家）,,,,百度地图,,
中国医学科学院肿瘤医院,专科医院,三级甲等,北京市（42家）,,,,百度地图,,
泰达国际心血管病医院,专科医院,三级甲等,天津市（29家）,,,,百度地图,,
天津市安定医院,专科医院,三级乙等,天津市（29家）,,,,百度地图,,
天津市宝坻区人民医院,综合医院,三级乙等,天津市（29家）,,,,百度地图,,
天津市传染病医院,专科医院,三级甲等,天津市（29家）,,,,百度地图,,
天津市第三医院,综合医院,三级乙等,天津市（29家）,,,,百度地图,,
天津市第三中心医院,综合医院,三级甲等,天津市（29家）,,,,百度地图,,
天津市第四医院,专科医院,三级乙等,天津市（29家）,,,,百度地图,,
天津市第四中心医院,综合医院,三级乙等,天津市（29家）,,,,百度地图,,
天津市第五中心医院,综合医院,三级乙等,天津市（29家）,,,,百度地图,,
天津市第一中心医院,综合医院,三级甲等,天津市（29家）,,,,百度地图,,
天津市儿童医院,专科医院,三级甲等,天津市（29家）,,,,百度地图,,
天津市公安局安康医院,专科医院,三级乙等,天津市（29家）,,,,百度地图,,
天津市海河医院,综合医院,三级乙等,天津市（29家）,,,,百度地图,,
天津市环湖医院,综合医院,三级甲等,天津市（29家）,,,,百度地图,,
天津市蓟县人民医院,综合医院,三级乙等,天津市（29家）,,,,百度地图,,
天津市静海县医院,综合医院,三级乙等,天津市（29家）,,,,百度地图,,
天津市口腔医院,专科医院,三级甲等,天津市（29家）,,,,百度地图,,
天津市人民医院,综合医院,三级甲等,天津市（29家）,,,,百度地图,,
天津市天和医院,综合医院,三级乙等,天津市（29家）,,,,百度地图,,
天津市天津医院,综合医院,三级甲等,天津市（29家）,,,,百度地图,,
天津市胸科医院,专科医院,三级甲等,天津市（29家）,,,,百度地图,,
天津市眼科医院,专科医院,三级甲等,天津市（29家）,,,,百度地图,,
天津市中心妇产科医院,专科医院,三级甲等,天津市（29家）,,,,百度地图,,
天津市肿瘤医院,专科医院,三级甲等,天津市（29家）,,,,百度地图,,
天津医科大学代谢病医院,专科医院,三级乙等,天津市（29家）,,,,百度地图,,
天津医科大学第二医院,综合医院,三级甲等,天津市（29家）,,,,百度地图,,
天津医科大学口腔医院,专科医院,三级甲等,天津市（29家）,,,,百度地图,,
天津医科大学总医院,综合医院,三级甲等,天津市（29家）,,,,百度地图,,
中国医学科学院血液病医院(血液学研究所),专科医院,三级甲等,天津市（29家）,,,,百度地图,,
保定市第二医院,综合医院,三级甲等,河北省（42家）,,,,百度地图,,
保定市第一中心医院,综合医院,三级甲等,河北省（42家）,,,,百度地图,,
保定涿州市医院,综合医院,三级甲等,河北省（42家）,,,,百度地图,,
沧州市人民医院,综合医院,三级甲等,河北省（42家）,,,,百度地图,,
沧州市中西医结合医院,中西医结合医院,三级甲等,河北省（42家）,,,,百度地图,,
沧州市中心医院,综合医院,三级甲等,河北省（42家）,,,,百度地图,,
承德市中心医院,综合医院,三级甲等,河北省（42家）,,,,百度地图,,
承德医学院附属医院,综合医院,三级甲等,河北省（42家）,,,,百度地图,,
邯郸市第一医院,综合医院,三级甲等,河北省（42家）,,,,百度地图,,
邯郸市中西医结合医院,中西医结合医院,三级乙等,河北省（42家）,,,,百度地图,,
邯郸市中心医院,综合医院,三级甲等,河北省（42家）,,,,百度地图,,
河北北方学院附属第一医院,综合医院,三级甲等,河北省（42家）,,,,百度地图,,
河北大学附属医院,综合医院,三级甲等,河北省（42家）,,,,百度地图,,
河北工程大学附属医院,综合医院,三级甲等,河北省（42家）,,,,百度地图,,
河北联合大学附属医院,综合医院,三级甲等,河北省（42家）,,,,百度地图,,
河北省儿童医院,专科医院,三级甲等,河北省（42家）,,,,百度地图,,
河北省民政总医院,综合医院,三级未定等,河北省（42家）,,,,百度地图,,
河北省人民医院,综合医院,三级甲等,河北省（42家）,,,,百度地图,,
河北省胸科医院,专科疾病防治院,三级未定等,河北省（42家）,,,,百度地图,,
河北燕达医院,综合医院,三级未定等,河北省（42家）,,,,百度地图,,
河北医科大学第二医院,综合医院,三级甲等,河北省（42家）,,,,百度地图,,
河北医科大学第三医院,综合医院,三级甲等,河北省（42家）,,,,百度地图,,
河北医科大学第四医院,综合医院,三级甲等,河北省（42家）,,,,百度地图,,
河北医科大学第一医院,综合医院,三级甲等,河北省（42家）,,,,百度地图,,
衡水市第四人民医院,综合医院,三级乙等,河北省（42家）,,,,百度地图,,
衡水市人民医院,综合医院,三级甲等,河北省（42家）,,,,百度地图,,
华北石油管理局总医院,综合医院,三级甲等,河北省（42家）,,,,百度地图,,
冀中能源峰峰集团有限公司总医院,综合医院,三级甲等,河北省（42家）,,,,百度地图,,
开滦总医院,综合医院,三级甲等,河北省（42家）,,,,百度地图,,
廊坊市人民医院,综合医院,三级甲等,河北省（42家）,,,,百度地图,,
秦皇岛市第二医院,综合医院,三级未定等,河北省（42家）,,,,百度地图,,
秦皇岛市第一医院,综合医院,三级甲等,河北省（42家）,,,,百度地图,,
石家庄市第四医院,专科医院,三级甲等,河北省（42家）,,,,百度地图,,
石家庄市第五医院,专科医院,三级未定等,河北省（42家）,,,,百度地图,,
石家庄市第一医院,综合医院,三级甲等,河北省（42家）,,,,百度地图,,
唐山市工人医院,综合医院,三级甲等,河北省（42家）,,,,百度地图,,
唐山市人民医院,综合医院,三级甲等,河北省（42家）,,,,百度地图,,
刑台医学高等专科学校第二附属医院,综合医院,三级未定等,河北省（42家）,,,,百度地图,,
邢台市第三医院,综合医院,三级未定等,河北省（42家）,,,,百度地图,,
邢台市人民医院,综合医院,三级甲等,河北省（42家）,,,,百度地图,,
邢台市眼科医院,专科医院,三级未定等,河北省（42家）,,,,百度地图,,
中国石油天然气集团公司中心医院,综合医院,三级甲等,河北省（42家）,,,,百度地图,,
大同煤矿集团有限责任公司总医院,综合医院,三级甲等,山西省（40家）,,,,百度地图,,
大同市第三人民医院,综合医院,三级甲等,山西省（40家）,,,,百度地图,,
大同市第五人民医院,综合医院,三级甲等,山西省（40家）,,,,百度地图,,
大同市第一人民医院,综合医院,三级乙等,山西省（40家）,,,,百度地图,,
侯马市人民医院,综合医院,三级乙等,山西省（40家）,,,,百度地图,,
晋中市第二人民医院,综合医院,三级乙等,山西省（40家）,,,,百度地图,,
晋中市第一人民医院,综合医院,三级甲等,山西省（40家）,,,,百度地图,,
临汾市第四人民医院,综合医院,三级甲等,山西省（40家）,,,,百度地图,,
临汾市人民医院,综合医院,三级甲等,山西省（40家）,,,,百度地图,,
吕梁市人民医院,综合医院,三级甲等,山西省（40家）,,,,百度地图,,
山西大医院,综合医院,三级未定等,山西省（40家）,,,,百度地图,,
山西晋城无烟煤矿业集团有限责任公司总医院,综合医院,三级甲等,山西省（40家）,,,,百度地图,,
山西潞安矿业(集团)有限责任公司总医院,综合医院,三级甲等,山西省（40家）,,,,百度地图,,
山西省儿童医院,专科医院,三级甲等,山西省（40家）,,,,百度地图,,
山西省汾阳医院,综合医院,三级甲等,山西省（40家）,,,,百度地图,,
山西省晋城市人民医院,综合医院,三级甲等,山西省（40家）,,,,百度地图,,
山西省人民医院,综合医院,三级甲等,山西省（40家）,,,,百度地图,,
山西省荣军精神康宁医院,专科医院,三级甲等,山西省（40家）,,,,百度地图,,
山西省太原精神病医院,专科医院,三级甲等,山西省（40家）,,,,百度地图,,
山西省心血管病医院,专科医院,三级甲等,山西省（40家）,,,,百度地图,,
山西省眼科医院,专科医院,三级甲等,山西省（40家）,,,,百度地图,,
山西省运城市中心医院,综合医院,三级甲等,山西省（40家）,,,,百度地图,,
山西省长治市第二人民医院,综合医院,三级乙等,山西省（40家）,,,,百度地图,,
山西省长治市人民医院,综合医院,三级甲等,山西省（40家）,,,,百度地图,,
山西省职业病医院,专科医院,三级甲等,山西省（40家）,,,,百度地图,,
山西省肿瘤医院,专科医院,三级甲等,山西省（40家）,,,,百度地图,,
山西医科大学第二医院,综合医院,三级甲等,山西省（40家）,,,,百度地图,,
山西医科大学第一医院,综合医院,三级甲等,山西省（40家）,,,,百度地图,,
太原钢铁(集团)有限公司总医院,综合医院,三级甲等,山西省（40家）,,,,百度地图,,
太原市第三人民医院(太原市传染病医院),专科医院,三级甲等,山西省（40家）,,,,百度地图,,
太原市第四人民医院,专科医院,三级甲等,山西省（40家）,,,,百度地图,,
太原市中心医院,综合医院,三级甲等,山西省（40家）,,,,百度地图,,
西山煤电（集团）有限责任公司职工总医院,综合医院,三级乙等,山西省（40家）,,,,百度地图,,
忻州市人民医院,综合医院,三级甲等,山西省（40家）,,,,百度地图,,
阳泉煤业(集团)有限责任公司总医院,综合医院,三级甲等,山西省（40家）,,,,百度地图,,
阳泉市第三人民医院,综合医院,三级乙等,山西省（40家）,,,,百度地图,,
阳泉市第一人民医院,综合医院,三级甲等,山西省（40家）,,,,百度地图,,
长治医学院附属和济医院,综合医院,三级甲等,山西省（40家）,,,,百度地图,,
长治医学院附属和平医院,综合医院,三级甲等,山西省（40家）,,,,百度地图,,
中信机电制造公司总医院,综合医院,三级乙等,山西省（40家）,,,,百度地图,,
巴彦淖尔市医院,综合医院,三级乙等,内蒙古自治区（35家）,,,,百度地图,,
包头市第四医院,综合医院,三级其他,内蒙古自治区（35家）,,,,百度地图,,
包头市中心医院,综合医院,三级甲等,内蒙古自治区（35家）,,,,百度地图,,
赤峰市第二医院,综合医院,三级未定等,内蒙古自治区（35家）,,,,百度地图,,
赤峰市医院,综合医院,三级甲等,内蒙古自治区（35家）,,,,百度地图,,
赤峰学院附属医院,综合医院,三级乙等,内蒙古自治区（35家）,,,,百度地图,,
鄂尔多斯市蒙医医院,民族医院,三级乙等,内蒙古自治区（35家）,,,,百度地图,,
鄂尔多斯市中心医院,综合医院,三级甲等,内蒙古自治区（35家）,,,,百度地图,,
呼和浩特第二医院,专科医院,三级乙等,内蒙古自治区（35家）,,,,百度地图,,
呼和浩特第一医院,综合医院,三级乙等,内蒙古自治区（35家）,,,,百度地图,,
呼伦贝尔市人民医院,综合医院,三级乙等,内蒙古自治区（35家）,,,,百度地图,,
内蒙古包钢医院,综合医院,三级甲等,内蒙古自治区（35家）,,,,百度地图,,
内蒙古北方重工业集团有限公司医院,综合医院,三级其他,内蒙古自治区（35家）,,,,百度地图,,
内蒙古第一机械集团有限公司医院,综合医院,三级其他,内蒙古自治区（35家）,,,,百度地图,,
内蒙古科技大学包头医学院第二附属医院,综合医院,三级乙等,内蒙古自治区（35家）,,,,百度地图,,
内蒙古科技大学包头医学院第一附属医院,综合医院,三级甲等,内蒙古自治区（35家）,,,,百度地图,,
内蒙古林业总医院,综合医院,三级甲等,内蒙古自治区（35家）,,,,百度地图,,
内蒙古民族大学附属医院,综合医院,三级甲等,内蒙古自治区（35家）,,,,百度地图,,
内蒙古医学院第二附属医院,综合医院,三级甲等,内蒙古自治区（35家）,,,,百度地图,,
内蒙古医学院附属人民医院,综合医院,三级甲等,内蒙古自治区（35家）,,,,百度地图,,
内蒙古医学院附属医院,综合医院,三级甲等,内蒙古自治区（35家）,,,,百度地图,,
内蒙古自治区第四医院,专科医院,三级其他,内蒙古自治区（35家）,,,,百度地图,,
内蒙古自治区妇幼保健院(内蒙古自治区妇女儿童医院),专科医院,三级甲等,内蒙古自治区（35家）,,,,百度地图,,
内蒙古自治区国际蒙医医院,民族医院,三级甲等,内蒙古自治区（35家）,,,,百度地图,,
内蒙古自治区精神卫生中心,专科医院,三级未定等,内蒙古自治区（35家）,,,,百度地图,,
内蒙古自治区人民医院,综合医院,三级甲等,内蒙古自治区（35家）,,,,百度地图,,
宁城县蒙医中医医院,民族医院,三级乙等,内蒙古自治区（35家）,,,,百度地图,,
宁城县医院,综合医院,三级未定等,内蒙古自治区（35家）,,,,百度地图,,
通辽市科尔沁区第一人民医院,综合医院,三级未定等,内蒙古自治区（35家）,,,,百度地图,,
通辽市医院,综合医院,三级乙等,内蒙古自治区（35家）,,,,百度地图,,
乌海市人民医院,综合医院,三级其他,内蒙古自治区（35家）,,,,百度地图,,
乌兰察布市中心医院,综合医院,三级乙等,内蒙古自治区（35家）,,,,百度地图,,
锡林郭勒盟医院,综合医院,三级乙等,内蒙古自治区（35家）,,,,百度地图,,
锡盟蒙医研究所,医学专科研究所,三级乙等,内蒙古自治区（35家）,,,,百度地图,,
兴安盟人民医院,综合医院,三级其他,内蒙古自治区（35家）,,,,百度地图,,
鞍山钢铁集团公司总医院,综合医院,三级甲等,辽宁省（81家）,,,,百度地图,,
鞍山市第二医院,综合医院,三级其他,辽宁省（81家）,,,,百度地图,,
鞍山市第三医院,综合医院,三级其他,辽宁省（81家）,,,,百度地图,,
鞍山市第四医院,专科医院,三级其他,辽宁省（81家）,,,,百度地图,,
鞍山市妇儿医院（第五医院）,专科医院,三级其他,辽宁省（81家）,,,,百度地图,,
鞍山市精神康复医院,专科医院,三级其他,辽宁省（81家）,,,,百度地图,,
鞍山市康宁医院,专科医院,三级其他,辽宁省（81家）,,,,百度地图,,
鞍山市千山医院,专科医院,三级其他,辽宁省（81家）,,,,百度地图,,
鞍山市曙光医院,综合医院,三级其他,辽宁省（81家）,,,,百度地图,,
鞍山市双山医院,综合医院,三级其他,辽宁省（81家）,,,,百度地图,,
鞍山市长大医院,综合医院,三级其他,辽宁省（81家）,,,,百度地图,,
鞍山市中心医院,综合医院,三级甲等,辽宁省（81家）,,,,百度地图,,
本溪钢铁（集团）总医院,综合医院,三级甲等,辽宁省（81家）,,,,百度地图,,
本溪市金山医院,综合医院,三级乙等,辽宁省（81家）,,,,百度地图,,
本溪市中心医院,综合医院,三级甲等,辽宁省（81家）,,,,百度地图,,
朝阳市第二医院,综合医院,三级未定等,辽宁省（81家）,,,,百度地图,,
朝阳市中心医院,综合医院,三级甲等,辽宁省（81家）,,,,百度地图,,
大连大学附属新华医院,综合医院,三级甲等,辽宁省（81家）,,,,百度地图,,
大连大学附属中山医院,综合医院,三级甲等,辽宁省（81家）,,,,百度地图,,
大连市第六人民医院,专科医院,三级未定等,辽宁省（81家）,,,,百度地图,,
大连市第七人民医院,专科医院,三级未定等,辽宁省（81家）,,,,百度地图,,
大连市第三人民医院,综合医院,三级甲等,辽宁省（81家）,,,,百度地图,,
大连市儿童医院,专科医院,三级其他,辽宁省（81家）,,,,百度地图,,
大连市妇幼保健院（大连市妇产医院）,专科医院,三级其他,辽宁省（81家）,,,,百度地图,,
大连市结核病医院,专科医院,三级其他,辽宁省（81家）,,,,百度地图,,
大连市口腔医院,专科医院,三级其他,辽宁省（81家）,,,,百度地图,,
大连市皮肤病医院,专科医院,三级其他,辽宁省（81家）,,,,百度地图,,
大连市友谊医院,综合医院,三级甲等,辽宁省（81家）,,,,百度地图,,
大连市中心医院,综合医院,三级甲等,辽宁省（81家）,,,,百度地图,,
大连医科大学附属第二医院,综合医院,三级甲等,辽宁省（81家）,,,,百度地图,,
大连医科大学附属第一医院,综合医院,三级甲等,辽宁省（81家）,,,,百度地图,,
丹东市第一医院,综合医院,三级甲等,辽宁省（81家）,,,,百度地图,,
丹东市人民医院,综合医院,三级未定等,辽宁省（81家）,,,,百度地图,,
丹东市中心医院,综合医院,三级甲等,辽宁省（81家）,,,,百度地图,,
抚顺矿务局总医院,综合医院,三级甲等,辽宁省（81家）,,,,百度地图,,
抚顺煤矿脑科医院,专科医院,三级乙等,辽宁省（81家）,,,,百度地图,,
抚顺市传染病医院,专科医院,三级其他,辽宁省（81家）,,,,百度地图,,
抚顺市第二医院,综合医院,三级乙等,辽宁省（81家）,,,,百度地图,,
抚顺市第三医院,综合医院,三级乙等,辽宁省（81家）,,,,百度地图,,
抚顺市第五医院,专科医院,三级乙等,辽宁省（81家）,,,,百度地图,,
抚顺市中心医院,综合医院,三级甲等,辽宁省（81家）,,,,百度地图,,
阜新矿业集团有限责任公司总医院,综合医院,三级甲等,辽宁省（81家）,,,,百度地图,,
阜新市第二人民医院（阜新市妇产医院）,综合医院,三级未定等,辽宁省（81家）,,,,百度地图,,
阜新市中心医院,综合医院,三级甲等,辽宁省（81家）,,,,百度地图,,
葫芦岛市中心医院,,三级甲等,辽宁省（81家）,,,,百度地图,,
锦州市传染病医院,专科医院,三级其他,辽宁省（81家）,,,,百度地图,,
锦州市第二医院,综合医院,三级未定等,辽宁省（81家）,,,,百度地图,,
锦州市妇婴医院,,三级未定等,辽宁省（81家）,,,,百度地图,,
锦州市康宁医院,专科医院,三级未定等,辽宁省（81家）,,,,百度地图,,
锦州市中心医院,综合医院,三级甲等,辽宁省（81家）,,,,百度地图,,
辽宁省金秋医院,综合医院,三级甲等,辽宁省（81家）,,,,百度地图,,
辽宁省人民医院,综合医院,三级甲等,辽宁省（81家）,,,,百度地图,,
辽宁省肿瘤医院,专科医院,三级甲等,辽宁省（81家）,,,,百度地图,,
辽宁医学院附属第一医院,综合医院,三级甲等,辽宁省（81家）,,,,百度地图,,
辽阳市第三人民医院,综合医院,三级未定等,辽宁省（81家）,,,,百度地图,,
辽阳市中心医院,综合医院,三级甲等,辽宁省（81家）,,,,百度地图,,
盘锦辽河油田总医院,,三级甲等,辽宁省（81家）,,,,百度地图,,
盘锦市第二人民医院,,三级甲等,辽宁省（81家）,,,,百度地图,,
沈阳二四二医院,综合医院,三级未定等,辽宁省（81家）,,,,百度地图,,
沈阳二四五医院,综合医院,三级未定等,辽宁省（81家）,,,,百度地图,,
沈阳市第六人民医院,专科医院,三级未定等,辽宁省（81家）,,,,百度地图,,
沈阳市第五人民医院,综合医院,三级甲等,辽宁省（81家）,,,,百度地图,,
沈阳市第一人民医院,综合医院,三级未定等,辽宁省（81家）,,,,百度地图,,
沈阳市儿童医院,专科医院,三级其他,辽宁省（81家）,,,,百度地图,,
沈阳市妇婴医院,专科医院,三级其他,辽宁省（81家）,,,,百度地图,,
沈阳市骨科医院,专科医院,三级其他,辽宁省（81家）,,,,百度地图,,
沈阳市红十字会医院,综合医院,三级未定等,辽宁省（81家）,,,,百度地图,,
沈阳市精神卫生中心,专科医院,三级其他,辽宁省（81家）,,,,百度地图,,
沈阳市口腔医院,专科医院,三级其他,辽宁省（81家）,,,,百度地图,,
沈阳市胸科医院,专科医院,三级其他,辽宁省（81家）,,,,百度地图,,
沈阳维康医院,综合医院,三级未定等,辽宁省（81家）,,,,百度地图,,
沈阳医学院奉天医院,综合医院,三级甲等,辽宁省（81家）,,,,百度地图,,
沈阳医学院沈洲医院,综合医院,三级甲等,辽宁省（81家）,,,,百度地图,,
铁法煤业（集团）总医院,综合医院,三级甲等,辽宁省（81家）,,,,百度地图,,
铁岭市中心医院,,三级甲等,辽宁省（81家）,,,,百度地图,,
营口市中心医院,综合医院,三级甲等,辽宁省（81家）,,,,百度地图,,
中国医科大学附属第四医院,综合医院,三级甲等,辽宁省（81家）,,,,百度地图,,
中国医科大学附属第一医院,综合医院,三级甲等,辽宁省（81家）,,,,百度地图,,
中国医科大学附属第一医院鞍山医院,综合医院,三级其他,辽宁省（81家）,,,,百度地图,,
中国医科大学附属口腔医院,专科医院,三级未定等,辽宁省（81家）,,,,百度地图,,
中国医科大学附属盛京医院,综合医院,三级甲等,辽宁省（81家）,,,,百度地图,,
白山市中心医院,综合医院,三级乙等,吉林省（32家）,,,,百度地图,,
北华大学附属医院,,三级甲等,吉林省（32家）,,,,百度地图,,
公主岭市妇幼保健院,,三级乙等,吉林省（32家）,,,,百度地图,,
公主岭市中心医院,,三级其他,吉林省（32家）,,,,百度地图,,
吉化集团公司总医院,,三级甲等,吉林省（32家）,,,,百度地图,,
吉林大学第二医院,,三级甲等,吉林省（32家）,,,,百度地图,,
吉林大学第一医院,,三级甲等,吉林省（32家）,,,,百度地图,,
吉林大学口腔医院,,三级甲等,吉林省（32家）,,,,百度地图,,
吉林大学中日联谊医院,,三级甲等,吉林省（32家）,,,,百度地图,,
吉林省妇幼保健院,,三级未定等,吉林省（32家）,,,,百度地图,,
吉林省肝胆病医院,,三级甲等,吉林省（32家）,,,,百度地图,,
吉林省精神神经病医院,,三级甲等,吉林省（32家）,,,,百度地图,,
吉林省前卫医院,,三级其他,吉林省（32家）,,,,百度地图,,
吉林省人民医院,,三级甲等,吉林省（32家）,,,,百度地图,,
吉林省肿瘤医院,,三级甲等,吉林省（32家）,,,,百度地图,,
吉林市人民医院,综合医院,三级甲等,吉林省（32家）,,,,百度地图,,
吉林市中心医院,综合医院,三级甲等,吉林省（32家）,,,,百度地图,,
吉林医药学院附属医院,综合医院,三级甲等,吉林省（32家）,,,,百度地图,,
吉林油田总医院,,三级甲等,吉林省（32家）,,,,百度地图,,
辽源矿业（集团）有限责任公司职工总医院,综合医院,三级乙等,吉林省（32家）,,,,百度地图,,
辽源市中心医院,综合医院,三级乙等,吉林省（32家）,,,,百度地图,,
前郭尔罗斯蒙古族自治县医院,综合医院,三级其他,吉林省（32家）,,,,百度地图,,
四平市第一人民医院,综合医院,三级乙等,吉林省（32家）,,,,百度地图,,
四平市中心医院,,三级甲等,吉林省（32家）,,,,百度地图,,
松原市中心医院,综合医院,三级其他,吉林省（32家）,,,,百度地图,,
通化市中心医院,,三级乙等,吉林省（32家）,,,,百度地图,,
延边大学附属医院,,三级甲等,吉林省（32家）,,,,百度地图,,
一汽总医院（吉林大学第四医院）,,三级甲等,吉林省（32家）,,,,百度地图,,
长春市儿童医院,,三级甲等,吉林省（32家）,,,,百度地图,,
长春市妇产医院,,三级甲等,吉林省（32家）,,,,百度地图,,
长春市人民医院,,三级其他,吉林省（32家）,,,,百度地图,,
长春市中心医院,,三级甲等,吉林省（32家）,,,,百度地图,,
大庆龙南医院,综合医院,三级甲等,黑龙江省（51家）,,,,百度地图,,
大庆市第二医院,专科医院,三级未定等,黑龙江省（51家）,,,,百度地图,,
大庆市第三医院,专科医院,三级甲等,黑龙江省（51家）,,,,百度地图,,
大庆市第四医院,综合医院,三级未定等,黑龙江省（51家）,,,,百度地图,,
大庆市人民医院,综合医院,三级甲等,黑龙江省（51家）,,,,百度地图,,
大庆油田总医院,综合医院,三级甲等,黑龙江省（51家）,,,,百度地图,,
哈尔滨二四二医院,综合医院,三级甲等,黑龙江省（51家）,,,,百度地图,,
哈尔滨市传染病院,专科医院,三级未定等,黑龙江省（51家）,,,,百度地图,,
哈尔滨市第二医院,综合医院,三级未定等,黑龙江省（51家）,,,,百度地图,,
哈尔滨市第四医院,综合医院,三级甲等,黑龙江省（51家）,,,,百度地图,,
哈尔滨市第五医院,综合医院,三级未定等,黑龙江省（51家）,,,,百度地图,,
哈尔滨市第一医院,综合医院,三级甲等,黑龙江省（51家）,,,,百度地图,,
哈尔滨市骨伤医院,专科医院,三级未定等,黑龙江省（51家）,,,,百度地图,,
哈尔滨市普宁医院,专科医院,三级未定等,黑龙江省（51家）,,,,百度地图,,
哈尔滨市胸科医院,专科医院,三级未定等,黑龙江省（51家）,,,,百度地图,,
哈尔滨医科大学附属第二医院,综合医院,三级甲等,黑龙江省（51家）,,,,百度地图,,
哈尔滨医科大学附属第三医院,专科医院,三级甲等,黑龙江省（51家）,,,,百度地图,,
哈尔滨医科大学附属第四医院,综合医院,三级甲等,黑龙江省（51家）,,,,百度地图,,
哈尔滨医科大学附属第一医院,综合医院,三级甲等,黑龙江省（51家）,,,,百度地图,,
黑龙江农垦神经精神病防治院,专科疾病防治院,三级未定等,黑龙江省（51家）,,,,百度地图,,
黑龙江省第三医院,专科医院,三级未定等,黑龙江省（51家）,,,,百度地图,,
黑龙江省康复医院,专科医院,三级未定等,黑龙江省（51家）,,,,百度地图,,
黑龙江省林业第二医院肿瘤结核病医院,专科医院,三级乙等,黑龙江省（51家）,,,,百度地图,,
黑龙江省牡丹江神经精神病医院,专科医院,三级未定等,黑龙江省（51家）,,,,百度地图,,
黑龙江省农垦红兴隆管理局中心医院,综合医院,三级甲等,黑龙江省（51家）,,,,百度地图,,
黑龙江省农垦建三江管理局中心医院,综合医院,三级甲等,黑龙江省（51家）,,,,百度地图,,
黑龙江省农垦九三管理局中心医院,综合医院,三级乙等,黑龙江省（51家）,,,,百度地图,,
黑龙江省农垦总局总医院,综合医院,三级甲等,黑龙江省（51家）,,,,百度地图,,
黑龙江省森工总医院,综合医院,三级甲等,黑龙江省（51家）,,,,百度地图,,
黑龙江省社会康复医院,专科医院,三级未定等,黑龙江省（51家）,,,,百度地图,,
黑龙江省眼病防治研究所,医学专科研究所,三级未定等,黑龙江省（51家）,,,,百度地图,,
黑龙江省医院,综合医院,三级甲等,黑龙江省（51家）,,,,百度地图,,
鸡西矿业集团总医院,综合医院,三级甲等,黑龙江省（51家）,,,,百度地图,,
鸡西市人民医院,综合医院,三级甲等,黑龙江省（51家）,,,,百度地图,,
佳木斯大学附属第三医院,专科医院,三级甲等,黑龙江省（51家）,,,,百度地图,,
佳木斯大学附属第一医院,综合医院,三级甲等,黑龙江省（51家）,,,,百度地图,,
佳木斯市精神病医院,专科医院,三级未定等,黑龙江省（51家）,,,,百度地图,,
佳木斯市中心医院,综合医院,三级甲等,黑龙江省（51家）,,,,百度地图,,
牡丹江市妇女儿童医院,专科医院,三级甲等,黑龙江省（51家）,,,,百度地图,,
牡丹江市康安医院,专科医院,三级甲等,黑龙江省（51家）,,,,百度地图,,
牡丹江医学院第二附属医院,综合医院,三级甲等,黑龙江省（51家）,,,,百度地图,,
牡丹江医学院红旗医院,综合医院,三级甲等,黑龙江省（51家）,,,,百度地图,,
七台河矿业精煤(集团)有限责任公司总医院,综合医院,三级甲等,黑龙江省（51家）,,,,百度地图,,
七台河市人民医院,综合医院,三级甲等,黑龙江省（51家）,,,,百度地图,,
齐齐哈尔市第一神经精神病医院,专科医院,三级未定等,黑龙江省（51家）,,,,百度地图,,
齐齐哈尔市第一医院,综合医院,三级甲等,黑龙江省（51家）,,,,百度地图,,
齐齐哈尔医学院第二附属医院,综合医院,三级甲等,黑龙江省（51家）,,,,百度地图,,
齐齐哈尔医学院第一附属医院,综合医院,三级甲等,黑龙江省（51家）,,,,百度地图,,
齐齐哈尔医学院附属第三医院,综合医院,三级甲等,黑龙江省（51家）,,,,百度地图,,
双鸭山市人民医院,综合医院,三级未定等,黑龙江省（51家）,,,,百度地图,,
伊春林业管理局中心医院,综合医院,三级乙等,黑龙江省（51家）,,,,百度地图,,
复旦大学附属儿科医院,专科医院,三级甲等,上海市（36家）,,,,百度地图,,
复旦大学附属妇产科医院,专科医院,三级甲等,上海市（36家）,,,,百度地图,,
复旦大学附属华山医院,综合医院,三级甲等,上海市（36家）,,,,百度地图,,
复旦大学附属金山医院,综合医院,三级乙等,上海市（36家）,,,,百度地图,,
复旦大学附属眼耳鼻喉科医院,专科医院,三级甲等,上海市（36家）,,,,百度地图,,
复旦大学附属中山医院,综合医院,三级甲等,上海市（36家）,,,,百度地图,,
复旦大学附属中山医院青浦分院,综合医院,三级乙等,上海市（36家）,,,,百度地图,,
复旦大学附属肿瘤医院,专科医院,三级甲等,上海市（36家）,,,,百度地图,,
华东医院,综合医院,三级甲等,上海市（36家）,,,,百度地图,,
上海交通大学医学院附属第九人民医院,综合医院,三级甲等,上海市（36家）,,,,百度地图,,
上海交通大学医学院附属第三人民医院,综合医院,三级乙等,上海市（36家）,,,,百度地图,,
上海交通大学医学院附属仁济医院,综合医院,三级甲等,上海市（36家）,,,,百度地图,,
上海交通大学医学院附属瑞金医院,综合医院,三级甲等,上海市（36家）,,,,百度地图,,
上海交通大学医学院附属上海儿童医学中心,专科医院,三级甲等,上海市（36家）,,,,百度地图,,
上海交通大学医学院附属新华医院,综合医院,三级甲等,上海市（36家）,,,,百度地图,,
上海交通大学医学院附属新华医院崇明分院,综合医院,三级乙等,上海市（36家）,,,,百度地图,,
上海市第六人民医院,综合医院,三级甲等,上海市（36家）,,,,百度地图,,
上海市第十人民医院,综合医院,三级甲等,上海市（36家）,,,,百度地图,,
上海市第五人民医院,综合医院,三级乙等,上海市（36家）,,,,百度地图,,
上海市第一妇婴保健院,专科医院,三级甲等,上海市（36家）,,,,百度地图,,
上海市第一人民医院,综合医院,三级甲等,上海市（36家）,,,,百度地图,,
上海市东方医院,综合医院,三级甲等,上海市（36家）,,,,百度地图,,
上海市儿童医院,专科医院,三级甲等,上海市（36家）,,,,百度地图,,
上海市肺科医院,专科医院,三级甲等,上海市（36家）,,,,百度地图,,
上海市奉贤区中心医院,综合医院,三级乙等,上海市（36家）,,,,百度地图,,
上海市公共卫生临床中心,专科医院,三级甲等,上海市（36家）,,,,百度地图,,
上海市精神卫生中心,专科医院,三级甲等,上海市（36家）,,,,百度地图,,
上海市口腔病防治院,专科医院,三级未定等,上海市（36家）,,,,百度地图,,
上海市皮肤病医院,专科医院,三级未定等,上海市（36家）,,,,百度地图,,
上海市普陀区中心医院,综合医院,三级乙等,上海市（36家）,,,,百度地图,,
上海市同济医院,综合医院,三级甲等,上海市（36家）,,,,百度地图,,
上海市胸科医院,专科医院,三级甲等,上海市（36家）,,,,百度地图,,
上海市眼病防治中心,专科医院,三级未定等,上海市（36家）,,,,百度地图,,
上海市杨浦区中心医院,综合医院,三级乙等,上海市（36家）,,,,百度地图,,
同济大学附属口腔医院,专科医院,三级未定等,上海市（36家）,,,,百度地图,,
中国福利会国际和平妇幼保健院,专科医院,三级甲等,上海市（36家）,,,,百度地图,,
常州市第二人民医院,综合医院,三级甲等,江苏省（53家）,,,,百度地图,,
常州市第三人民医院,专科医院,三级未定等,江苏省（53家）,,,,百度地图,,
常州市第一人民医院,综合医院,三级甲等,江苏省（53家）,,,,百度地图,,
东南大学附属中大医院,综合医院,三级甲等,江苏省（53家）,,,,百度地图,,
淮安市传染病医院,专科医院,三级乙等,江苏省（53家）,,,,百度地图,,
淮安市第二人民医院,综合医院,三级乙等,江苏省（53家）,,,,百度地图,,
淮安市第三人民医院,专科医院,三级乙等,江苏省（53家）,,,,百度地图,,
淮安市第一人民医院,综合医院,三级甲等,江苏省（53家）,,,,百度地图,,
淮安市妇幼保健院,专科医院,三级甲等,江苏省（53家）,,,,百度地图,,
淮安市肿瘤医院,综合医院,三级乙等,江苏省（53家）,,,,百度地图,,
江苏大学附属医院,综合医院,三级甲等,江苏省（53家）,,,,百度地图,,
江苏省人民医院,综合医院,三级甲等,江苏省（53家）,,,,百度地图,,
江苏省苏北人民医院,综合医院,三级甲等,江苏省（53家）,,,,百度地图,,
江苏省肿瘤医院,专科医院,三级甲等,江苏省（53家）,,,,百度地图,,
连云港市第一人民医院,综合医院,三级甲等,江苏省（53家）,,,,百度地图,,
连云港市妇幼保健院,专科医院,三级甲等,江苏省（53家）,,,,百度地图,,
南京爱尔眼科医院,专科医院,三级未定等,江苏省（53家）,,,,百度地图,,
南京脑科医院,专科医院,三级甲等,江苏省（53家）,,,,百度地图,,
南京市第二医院,专科医院,三级甲等,江苏省（53家）,,,,百度地图,,
南京市第一医院,综合医院,三级甲等,江苏省（53家）,,,,百度地图,,
南京市儿童医院,专科医院,三级甲等,江苏省（53家）,,,,百度地图,,
南京市妇幼保健院,专科医院,三级甲等,江苏省（53家）,,,,百度地图,,
南京市鼓楼医院,综合医院,三级甲等,江苏省（53家）,,,,百度地图,,
南京市口腔医院,专科医院,三级甲等,江苏省（53家）,,,,百度地图,,
南京医科大学第二附属医院,综合医院,三级甲等,江苏省（53家）,,,,百度地图,,
南京医科大学附属口腔医院,专科医院,三级甲等,江苏省（53家）,,,,百度地图,,
南京医科大学眼科医院,专科医院,三级未定等,江苏省（53家）,,,,百度地图,,
南京友谊整形外科医院,专科医院,三级未定等,江苏省（53家）,,,,百度地图,,
南通大学附属医院,综合医院,三级甲等,江苏省（53家）,,,,百度地图,,
南通市第三人民医院,专科医院,三级甲等,江苏省（53家）,,,,百度地图,,
南通市第一人民医院,综合医院,三级甲等,江苏省（53家）,,,,百度地图,,
南通市妇幼保健院,专科医院,三级乙等,江苏省（53家）,,,,百度地图,,
南通市肿瘤医院,专科医院,三级甲等,江苏省（53家）,,,,百度地图,,
苏州大学附属第一医院,综合医院,三级甲等,江苏省（53家）,,,,百度地图,,
苏州大学附属儿童医院,专科医院,三级甲等,江苏省（53家）,,,,百度地图,,
苏州市第五人民医院,专科医院,三级乙等,江苏省（53家）,,,,百度地图,,
苏州市立医院,综合医院,三级乙等,江苏省（53家）,,,,百度地图,,
泰州市人民医院,综合医院,三级甲等,江苏省（53家）,,,,百度地图,,
无锡市传染病医院,专科医院,三级乙等,江苏省（53家）,,,,百度地图,,
无锡市第二人民医院,综合医院,三级甲等,江苏省（53家）,,,,百度地图,,
无锡市第四人民医院,综合医院,三级甲等,江苏省（53家）,,,,百度地图,,
无锡市妇幼保健院,专科医院,三级甲等,江苏省（53家）,,,,百度地图,,
无锡市精神卫生中心,专科医院,三级甲等,江苏省（53家）,,,,百度地图,,
无锡市人民医院,综合医院,三级甲等,江苏省（53家）,,,,百度地图,,
宿迁市人民医院,综合医院,三级乙等,江苏省（53家）,,,,百度地图,,
徐州市第一人民医院,综合医院,三级乙等,江苏省（53家）,,,,百度地图,,
徐州市中心医院,综合医院,三级甲等,江苏省（53家）,,,,百度地图,,
徐州医学院附属医院,综合医院,三级甲等,江苏省（53家）,,,,百度地图,,
盐城市第一人民医院,综合医院,三级甲等,江苏省（53家）,,,,百度地图,,
扬州市第一人民医院,综合医院,三级甲等,江苏省（53家）,,,,百度地图,,
镇江市传染病医院,专科医院,三级乙等,江苏省（53家）,,,,百度地图,,
镇江市第四人民医院,综合医院,三级甲等,江苏省（53家）,,,,百度地图,,
镇江市第一人民医院,综合医院,三级甲等,江苏省（53家）,,,,百度地图,,
慈溪市妇幼保健院,专科医院,三级乙等,浙江省（53家）,,,,百度地图,,
慈溪市人民医院,综合医院,三级乙等,浙江省（53家）,,,,百度地图,,
东阳市人民医院,综合医院,三级乙等,浙江省（53家）,,,,百度地图,,
杭州市第六人民医院,专科医院,三级甲等,浙江省（53家）,,,,百度地图,,
杭州市第七人民医院,专科医院,三级甲等,浙江省（53家）,,,,百度地图,,
杭州市第一人民医院,综合医院,三级甲等,浙江省（53家）,,,,百度地图,,
杭州市红十字会医院,中西医结合医院,三级甲等,浙江省（53家）,,,,百度地图,,
杭州市萧山区第一人民医院,综合医院,三级乙等,浙江省（53家）,,,,百度地图,,
湖州市第三人民医院,专科医院,三级甲等,浙江省（53家）,,,,百度地图,,
湖州市第一人民医院,综合医院,三级乙等,浙江省（53家）,,,,百度地图,,
湖州市中心医院,综合医院,三级甲等,浙江省（53家）,,,,百度地图,,
金华市第二医院,专科医院,三级乙等,浙江省（53家）,,,,百度地图,,
金华市人民医院,综合医院,三级乙等,浙江省（53家）,,,,百度地图,,
金华市中心医院,综合医院,三级甲等,浙江省（53家）,,,,百度地图,,
乐清市人民医院,综合医院,三级乙等,浙江省（53家）,,,,百度地图,,
丽水市第二人民医院,专科医院,三级乙等,浙江省（53家）,,,,百度地图,,
丽水市中心医院,综合医院,三级甲等,浙江省（53家）,,,,百度地图,,
宁波市第一医院,综合医院,三级甲等,浙江省（53家）,,,,百度地图,,
宁波市妇女儿童医院,专科医院,三级甲等,浙江省（53家）,,,,百度地图,,
宁波市康宁医院,专科医院,三级乙等,浙江省（53家）,,,,百度地图,,
宁波市眼科医院,专科医院,三级乙等,浙江省（53家）,,,,百度地图,,
宁波市医疗中心李惠利医院,综合医院,三级甲等,浙江省（53家）,,,,百度地图,,
宁波市鄞州人民医院,综合医院,三级乙等,浙江省（53家）,,,,百度地图,,
平湖市第一人民医院,综合医院,三级乙等,浙江省（53家）,,,,百度地图,,
衢州市中医医院,综合医院,三级乙等,浙江省（53家）,,,,百度地图,,
瑞安市人民医院,综合医院,三级乙等,浙江省（53家）,,,,百度地图,,
绍兴第二医院,综合医院,三级乙等,浙江省（53家）,,,,百度地图,,
绍兴市第六人民医院,专科医院,三级乙等,浙江省（53家）,,,,百度地图,,
绍兴市第七人民医院,专科医院,三级乙等,浙江省（53家）,,,,百度地图,,
绍兴市妇幼保健院,专科医院,三级甲等,浙江省（53家）,,,,百度地图,,
绍兴市人民医院,综合医院,三级甲等,浙江省（53家）,,,,百度地图,,
台州市第一人民医院,综合医院,三级乙等,浙江省（53家）,,,,百度地图,,
台州市立医院,综合医院,三级乙等,浙江省（53家）,,,,百度地图,,
温岭市第一人民医院,综合医院,三级乙等,浙江省（53家）,,,,百度地图,,
温州康宁医院,专科医院,三级乙等,浙江省（53家）,,,,百度地图,,
温州医学院附属第二医院（温州医学院附属育英儿童医院）,综合医院,三级甲等,浙江省（53家）,,,,百度地图,,
温州医学院附属第一医院,综合医院,三级甲等,浙江省（53家）,,,,百度地图,,
温州医学院附属眼视光医院,专科医院,三级甲等,浙江省（53家）,,,,百度地图,,
义乌市中心医院,综合医院,三级乙等,浙江省（53家）,,,,百度地图,,
余姚市人民医院,综合医院,三级乙等,浙江省（53家）,,,,百度地图,,
浙江大学医学院附属第二医院,综合医院,三级甲等,浙江省（53家）,,,,百度地图,,
浙江大学医学院附属第一医院,综合医院,三级甲等,浙江省（53家）,,,,百度地图,,
浙江大学医学院附属儿童医院,专科医院,三级甲等,浙江省（53家）,,,,百度地图,,
浙江大学医学院附属妇产科医院,专科医院,三级甲等,浙江省（53家）,,,,百度地图,,
浙江大学医学院附属邵逸夫医院,综合医院,三级甲等,浙江省（53家）,,,,百度地图,,
浙江省口腔医院,专科医院,三级甲等,浙江省（53家）,,,,百度地图,,
浙江省人民医院,综合医院,三级甲等,浙江省（53家）,,,,百度地图,,
浙江省台州医院,综合医院,三级甲等,浙江省（53家）,,,,百度地图,,
浙江省肿瘤医院,专科医院,三级甲等,浙江省（53家）,,,,百度地图,,
浙江萧山医院,综合医院,三级乙等,浙江省（53家）,,,,百度地图,,
浙江新安国际医院,综合医院,三级其他,浙江省（53家）,,,,百度地图,,
浙江医院,综合医院,三级甲等,浙江省（53家）,,,,百度地图,,
诸暨市人民医院,综合医院,三级乙等,浙江省（53家）,,,,百度地图,,
安徽省立医院,,三级甲等,安徽省（22家）,,,,百度地图,,
安徽医科大学第一附属医院,,三级甲等,安徽省（22家）,,,,百度地图,,
安庆市立医院,,三级甲等,安徽省（22家）,,,,百度地图,,
蚌埠市三人民医院,,三级甲等,安徽省（22家）,,,,百度地图,,
蚌埠医学院第一附属医院,,三级甲等,安徽省（22家）,,,,百度地图,,
巢湖市第一人民医院,,三级甲等,安徽省（22家）,,,,百度地图,,
池州市人民医院,综合医院,三级甲等,安徽省（22家）,,,,百度地图,,
滁州市第一人民医院,,三级甲等,安徽省（22家）,,,,百度地图,,
阜阳市人民医院,,三级甲等,安徽省（22家）,,,,百度地图,,
合肥市第二人民医院,综合医院,三级甲等,安徽省（22家）,,,,百度地图,,
合肥市第一人民医院,,三级甲等,安徽省（22家）,,,,百度地图,,
淮北矿工总医院,综合医院,三级甲等,安徽省（22家）,,,,百度地图,,
淮北市人民医院,,三级甲等,安徽省（22家）,,,,百度地图,,
淮南新华医院,,三级乙等,安徽省（22家）,,,,百度地图,,
黄山市人民医院,,三级甲等,安徽省（22家）,,,,百度地图,,
六安市人民医院,,三级甲等,安徽省（22家）,,,,百度地图,,
马鞍山市人民医院,,三级甲等,安徽省（22家）,,,,百度地图,,
马鞍山市中心医院,综合医院,三级甲等,安徽省（22家）,,,,百度地图,,
铜陵市人民医院,,三级甲等,安徽省（22家）,,,,百度地图,,
皖南医学院附属弋矶山医院,综合医院,三级甲等,安徽省（22家）,,,,百度地图,,
芜湖市第二人民医院,,三级甲等,安徽省（22家）,,,,百度地图,,
宣城地区人民医院,,三级乙等,安徽省（22家）,,,,百度地图,,
福建省福州儿童医院,,三级未定等,福建省（37家）,,,,百度地图,,
福建省福州结核病防治院,,三级甲等,福建省（37家）,,,,百度地图,,
福建省福州神经精神病防治院,,三级甲等,福建省（37家）,,,,百度地图,,
福建省妇幼保健院,,三级甲等,福建省（37家）,,,,百度地图,,
福建省立医院,综合医院,三级甲等,福建省（37家）,,,,百度地图,,
福建省龙岩市第三医院,专科医院,三级未定等,福建省（37家）,,,,百度地图,,
福建省肿瘤医院,,三级甲等,福建省（37家）,,,,百度地图,,
福建医科大学附属第二医院,综合医院,三级甲等,福建省（37家）,,,,百度地图,,
福建医科大学附属第一医院,综合医院,三级甲等,福建省（37家）,,,,百度地图,,
福建医科大学附属口腔医院,专科医院,三级未定等,福建省（37家）,,,,百度地图,,
福建医科大学附属协和医院,综合医院,三级甲等,福建省（37家）,,,,百度地图,,
福州市传染病医院,,三级甲等,福建省（37家）,,,,百度地图,,
福州市第二医院,,三级甲等,福建省（37家）,,,,百度地图,,
福州市第一医院,,三级甲等,福建省（37家）,,,,百度地图,,
福州市皮肤病防治院,,三级未定等,福建省（37家）,,,,百度地图,,
龙岩市第二医院,,三级乙等,福建省（37家）,,,,百度地图,,
龙岩市第一医院,,三级甲等,福建省（37家）,,,,百度地图,,
南平市第一医院,乡镇卫生院,三级甲等,福建省（37家）,,,,百度地图,,
南平市人民医院,,三级乙等,福建省（37家）,,,,百度地图,,
宁德市闽东医院,,三级甲等,福建省（37家）,,,,百度地图,,
莆田市第一医院,,三级甲等,福建省（37家）,,,,百度地图,,
莆田学院附属医院,,三级甲等,福建省（37家）,,,,百度地图,,
泉州市第三医院,专科医院,三级乙等,福建省（37家）,,,,百度地图,,
泉州市第一医院,,三级甲等,福建省（37家）,,,,百度地图,,
三明市第二医院,,三级乙等,福建省（37家）,,,,百度地图,,
三明市第一医院,,三级甲等,福建省（37家）,,,,百度地图,,
厦门大学附属第一医院,,三级甲等,福建省（37家）,,,,百度地图,,
厦门大学附属厦门眼科中心（厦门眼科中心）,,三级甲等,福建省（37家）,,,,百度地图,,
厦门大学附属中山医院,,三级甲等,福建省（37家）,,,,百度地图,,
厦门科宏眼科医院,,三级未定等,福建省（37家）,,,,百度地图,,
厦门市第二医院,综合医院,三级乙等,福建省（37家）,,,,百度地图,,
厦门市第三医院,,三级乙等,福建省（37家）,,,,百度地图,,
厦门市妇幼保健院,,三级甲等,福建省（37家）,,,,百度地图,,
厦门市口腔医院,,三级未定等,福建省（37家）,,,,百度地图,,
厦门市仙岳医院,专科医院,三级甲等,福建省（37家）,,,,百度地图,,
厦门长庚医院有限公司,,三级未定等,福建省（37家）,,,,百度地图,,
漳州市医院,综合医院,三级甲等,福建省（37家）,,,,百度地图,,
丰城市人民医院,综合医院,三级乙等,江西省（38家）,,,,百度地图,,
抚州市第一人民医院,综合医院,三级甲等,江西省（38家）,,,,百度地图,,
赣南医学院第一附属医院,,三级甲等,江西省（38家）,,,,百度地图,,
赣州市立医院,综合医院,三级甲等,江西省（38家）,,,,百度地图,,
赣州市人民医院,综合医院,三级甲等,江西省（38家）,,,,百度地图,,
吉安市第三人民医院,专科医院,三级甲等,江西省（38家）,,,,百度地图,,
吉安市中心人民医院,综合医院,三级甲等,江西省（38家）,,,,百度地图,,
江西省儿童医院,专科医院,三级甲等,江西省（38家）,,,,百度地图,,
江西省精神病院,专科医院,三级甲等,江西省（38家）,,,,百度地图,,
江西省皮肤病专科医院,专科医院,三级甲等,江西省（38家）,,,,百度地图,,
江西省人民医院,综合医院,三级甲等,江西省（38家）,,,,百度地图,,
江西省胸科医院,专科医院,三级甲等,江西省（38家）,,,,百度地图,,
江西省肿瘤医院,专科医院,三级甲等,江西省（38家）,,,,百度地图,,
江西中寰医院,综合医院,三级其他,江西省（38家）,,,,百度地图,,
井冈山大学附属医院,综合医院,三级甲等,江西省（38家）,,,,百度地图,,
景德镇市第二人民医院,综合医院,三级甲等,江西省（38家）,,,,百度地图,,
景德镇市第三人民医院,综合医院,三级甲等,江西省（38家）,,,,百度地图,,
景德镇市第一人民医院,综合医院,三级甲等,江西省（38家）,,,,百度地图,,
九江市第三人民医院,综合医院,三级甲等,江西省（38家）,,,,百度地图,,
九江市第五人民医院,专科医院,三级甲等,江西省（38家）,,,,百度地图,,
九江市第一人民医院,,三级甲等,江西省（38家）,,,,百度地图,,
九江学院附属医院,综合医院,三级甲等,江西省（38家）,,,,百度地图,,
南昌大学第二附属医院,综合医院,三级甲等,江西省（38家）,,,,百度地图,,
南昌大学第四附属医院,,三级甲等,江西省（38家）,,,,百度地图,,
南昌大学第一附属医院,综合医院,三级甲等,江西省（38家）,,,,百度地图,,
南昌大学附属口腔医院,专科医院,三级甲等,江西省（38家）,,,,百度地图,,
南昌市传染病医院,专科医院,三级甲等,江西省（38家）,,,,百度地图,,
南昌市第三医院,综合医院,三级甲等,江西省（38家）,,,,百度地图,,
南昌市第一医院,综合医院,三级甲等,江西省（38家）,,,,百度地图,,
萍乡市第二人民医院,综合医院,三级乙等,江西省（38家）,,,,百度地图,,
萍乡市人民医院,综合医院,三级甲等,江西省（38家）,,,,百度地图,,
上饶市第五人民医院,专科医院,三级甲等,江西省（38家）,,,,百度地图,,
上饶市人民医院,综合医院,三级甲等,江西省（38家）,,,,百度地图,,
湘雅萍矿合作医院（萍矿总医院）,综合医院,三级乙等,江西省（38家）,,,,百度地图,,
新余市人民医院,综合医院,三级甲等,江西省（38家）,,,,百度地图,,
宜春市第三人民医院,专科医院,三级乙等,江西省（38家）,,,,百度地图,,
宜春市人民医院,综合医院,三级甲等,江西省（38家）,,,,百度地图,,
鹰潭市人民医院,综合医院,三级甲等,江西省（38家）,,,,百度地图,,
滨州市人民医院,综合医院,三级乙等,山东省（61家）,,,,百度地图,,
滨州市中心医院,综合医院,三级乙等,山东省（61家）,,,,百度地图,,
滨州医学院附属医院,综合医院,三级甲等,山东省（61家）,,,,百度地图,,
单县中心医院,综合医院,三级乙等,山东省（61家）,,,,百度地图,,
德州市第二人民医院,综合医院,三级未定等,山东省（61家）,,,,百度地图,,
德州市人民医院,综合医院,三级乙等,山东省（61家）,,,,百度地图,,
东营市第二人民医院,综合医院,三级乙等,山东省（61家）,,,,百度地图,,
肥城矿业中心医院,综合医院,三级乙等,山东省（61家）,,,,百度地图,,
菏泽市立医院,综合医院,三级乙等,山东省（61家）,,,,百度地图,,
济南市第四人民医院,综合医院,三级甲等,山东省（61家）,,,,百度地图,,
济南市中心医院,综合医院,三级甲等,山东省（61家）,,,,百度地图,,
济宁市第一人民医院,综合医院,三级甲等,山东省（61家）,,,,百度地图,,
济宁医学院附属医院,综合医院,三级甲等,山东省（61家）,,,,百度地图,,
莱芜钢铁集团有限公司医院,综合医院,三级乙等,山东省（61家）,,,,百度地图,,
聊城市第二人民医院,综合医院,三级未定等,山东省（61家）,,,,百度地图,,
聊城市第四人民医院,专科医院,三级未定等,山东省（61家）,,,,百度地图,,
聊城市人民医院,综合医院,三级甲等,山东省（61家）,,,,百度地图,,
临沂市精神卫生中心,专科医院,三级未定等,山东省（61家）,,,,百度地图,,
临沂市人民医院,综合医院,三级甲等,山东省（61家）,,,,百度地图,,
临沂市胸科医院,专科医院,三级未定等,山东省（61家）,,,,百度地图,,
临沂市沂水中心医院,综合医院,三级乙等,山东省（61家）,,,,百度地图,,
青岛大学医学院附属医院,综合医院,三级甲等,山东省（61家）,,,,百度地图,,
青岛市海慈医疗集团（海慈医院）,综合医院,三级乙等,山东省（61家）,,,,百度地图,,
青岛市胶州中心医院,综合医院,三级乙等,山东省（61家）,,,,百度地图,,
青岛市市立医院,综合医院,三级甲等,山东省（61家）,,,,百度地图,,
青岛市中心医院,综合医院,三级甲等,山东省（61家）,,,,百度地图,,
青岛市肿瘤医院,专科医院,三级其他,山东省（61家）,,,,百度地图,,
日照市人民医院,综合医院,三级乙等,山东省（61家）,,,,百度地图,,
荣成市人民医院,综合医院,三级乙等,山东省（61家）,,,,百度地图,,
山东大学第二医院,综合医院,三级甲等,山东省（61家）,,,,百度地图,,
山东大学齐鲁医院,综合医院,三级甲等,山东省（61家）,,,,百度地图,,
山东省口腔医院,专科医院,三级未定等,山东省（61家）,,,,百度地图,,
山东省立医院,综合医院,三级甲等,山东省（61家）,,,,百度地图,,
山东省千佛山医院,综合医院,三级甲等,山东省（61家）,,,,百度地图,,
山东省胸科医院,专科医院,三级未定等,山东省（61家）,,,,百度地图,,
山东省眼科医院,专科医院,三级未定等,山东省（61家）,,,,百度地图,,
山东省肿瘤医院,专科医院,三级甲等,山东省（61家）,,,,百度地图,,
胜利油田中心医院,综合医院,三级甲等,山东省（61家）,,,,百度地图,,
泰安市中心医院,综合医院,三级甲等,山东省（61家）,,,,百度地图,,
泰山医学院附属医院,综合医院,三级乙等,山东省（61家）,,,,百度地图,,
滕州市中心人民医院,综合医院,三级乙等,山东省（61家）,,,,百度地图,,
威海市经济技术开发区医院（威海市精神卫生中心）,专科医院,三级其他,山东省（61家）,,,,百度地图,,
威海市立医院,综合医院,三级乙等,山东省（61家）,,,,百度地图,,
威海市文登中心医院,综合医院,三级乙等,山东省（61家）,,,,百度地图,,
潍坊市人民医院,综合医院,三级甲等,山东省（61家）,,,,百度地图,,
潍坊市益都中心医院,综合医院,三级乙等,山东省（61家）,,,,百度地图,,
潍坊医学院附属医院,综合医院,三级乙等,山东省（61家）,,,,百度地图,,
新汶矿业集团有限责任公司中心医院,综合医院,三级乙等,山东省（61家）,,,,百度地图,,
烟台市莱阳中心医院,综合医院,三级乙等,山东省（61家）,,,,百度地图,,
烟台市烟台山医院,综合医院,三级乙等,山东省（61家）,,,,百度地图,,
烟台毓璜顶医院,综合医院,三级甲等,山东省（61家）,,,,百度地图,,
兖矿集团有限公司总医院,综合医院,三级乙等,山东省（61家）,,,,百度地图,,
枣庄矿业集团公司中心医院,综合医院,三级乙等,山东省（61家）,,,,百度地图,,
枣庄市立第二医院,专科医院,三级未定等,山东省（61家）,,,,百度地图,,
枣庄市立医院,综合医院,三级甲等,山东省（61家）,,,,百度地图,,
枣庄市王开传染病医院,专科医院,三级未定等,山东省（61家）,,,,百度地图,,
沾化县人民医院,综合医院,三级乙等,山东省（61家）,,,,百度地图,,
中国石化集团胜利石油管理局胜利医院,综合医院,三级乙等,山东省（61家）,,,,百度地图,,
淄博矿业集团有限责任公司中心医院,综合医院,三级乙等,山东省（61家）,,,,百度地图,,
淄博市第一医院,综合医院,三级乙等,山东省（61家）,,,,百度地图,,
淄博市中心医院,综合医院,三级甲等,山东省（61家）,,,,百度地图,,
安钢集团总医院,综合医院,三级未定等,河南省（65家）,,,,百度地图,,
安阳市人民医院,综合医院,三级甲等,河南省（65家）,,,,百度地图,,
安阳市心血管病医院,,三级未定等,河南省（65家）,,,,百度地图,,
安阳市肿瘤医院,综合医院,三级甲等,河南省（65家）,,,,百度地图,,
河南大学第一附属医院,综合医院,三级未定等,河南省（65家）,,,,百度地图,,
河南大学淮河医院,综合医院,三级甲等,河南省（65家）,,,,百度地图,,
河南科技大学第二附属医院,综合医院,三级未定等,河南省（65家）,,,,百度地图,,
河南科技大学第一附属医院,综合医院,三级甲等,河南省（65家）,,,,百度地图,,
河南省传染病医院,综合医院,三级未定等,河南省（65家）,,,,百度地图,,
河南省妇幼保健院,综合医院,三级未定等,河南省（65家）,,,,百度地图,,
河南省精神病医院,专科医院,三级甲等,河南省（65家）,,,,百度地图,,
河南省口腔医院,,三级未定等,河南省（65家）,,,,百度地图,,
河南省南阳市第一人民医院,综合医院,三级其他,河南省（65家）,,,,百度地图,,
河南省人民医院,综合医院,三级甲等,河南省（65家）,,,,百度地图,,
河南省胸科医院,专科医院,三级未定等,河南省（65家）,,,,百度地图,,
河南省肿瘤医院,专科医院,三级甲等,河南省（65家）,,,,百度地图,,
河南石油勘探局职工医院,综合医院,三级未定等,河南省（65家）,,,,百度地图,,
鹤壁市第一人民医院,综合医院,三级未定等,河南省（65家）,,,,百度地图,,
黄河三门峡医院,综合医院,三级其他,河南省（65家）,,,,百度地图,,
济源市人民医院,综合医院,三级其他,河南省（65家）,,,,百度地图,,
焦煤中央医院,综合医院,三级未定等,河南省（65家）,,,,百度地图,,
焦作市第二人民医院,综合医院,三级甲等,河南省（65家）,,,,百度地图,,
焦作市人民医院,综合医院,三级甲等,河南省（65家）,,,,百度地图,,
开封市第二人民医院,综合医院,三级未定等,河南省（65家）,,,,百度地图,,
开封市第一人民医院,综合医院,三级甲等,河南省（65家）,,,,百度地图,,
开封市儿童医院,综合医院,三级未定等,河南省（65家）,,,,百度地图,,
洛阳东方医院,综合医院,三级未定等,河南省（65家）,,,,百度地图,,
洛阳市第三人民医院,综合医院,三级未定等,河南省（65家）,,,,百度地图,,
洛阳市第五人民医院,专科医院,三级未定等,河南省（65家）,,,,百度地图,,
洛阳市第一人民医院,综合医院,三级未定等,河南省（65家）,,,,百度地图,,
洛阳市妇女儿童医疗保健中心,专科医院,三级未定等,河南省（65家）,,,,百度地图,,
洛阳市中心医院,,三级甲等,河南省（65家）,,,,百度地图,,
漯河市中心医院,,三级甲等,河南省（65家）,,,,百度地图,,
漯河医学高等专科学校第二附属医院,综合医院,三级其他,河南省（65家）,,,,百度地图,,
南阳南石医院,综合医院,三级未定等,河南省（65家）,,,,百度地图,,
南阳市第二人民医院,综合医院,三级其他,河南省（65家）,,,,百度地图,,
南阳市中心医院,综合医院,三级甲等,河南省（65家）,,,,百度地图,,
南阳医学高等专科学校第一附属医院,综合医院,三级未定等,河南省（65家）,,,,百度地图,,
平顶山市第二人民医院,综合医院,三级未定等,河南省（65家）,,,,百度地图,,
平顶山市第一人民医院,综合医院,三级甲等,河南省（65家）,,,,百度地图,,
濮阳市安阳地区医院,综合医院,三级甲等,河南省（65家）,,,,百度地图,,
濮阳市人民医院,综合医院,三级甲等,河南省（65家）,,,,百度地图,,
濮阳市油田总医院,综合医院,三级甲等,河南省（65家）,,,,百度地图,,
三门峡市中心医院,,三级其他,河南省（65家）,,,,百度地图,,
商丘市第一人民医院,综合医院,三级乙等,河南省（65家）,,,,百度地图,,
新乡市第二人民医院,综合医院,三级未定等,河南省（65家）,,,,百度地图,,
新乡市第一人民医院,综合医院,三级未评,河南省（65家）,,,,百度地图,,
新乡市中心医院,综合医院,三级甲等,河南省（65家）,,,,百度地图,,
新乡医学院第一附属医院,综合医院,三级甲等,河南省（65家）,,,,百度地图,,
信阳市中心医院,综合医院,三级未定等,河南省（65家）,,,,百度地图,,
许昌市中心医院,综合医院,三级未定等,河南省（65家）,,,,百度地图,,
郑州大学第二附属医院,综合医院,三级未定等,河南省（65家）,,,,百度地图,,
郑州大学第五附属医院,综合医院,三级甲等,河南省（65家）,,,,百度地图,,
郑州大学第一附属医院,综合医院,三级甲等,河南省（65家）,,,,百度地图,,
郑州人民医院,综合医院,三级未定等,河南省（65家）,,,,百度地图,,
郑州市第一人民医院,,三级其他,河南省（65家）,,,,百度地图,,
郑州市儿童医院,综合医院,三级其他,河南省（65家）,,,,百度地图,,
郑州市妇幼保健院,妇幼保健院,三级未评,河南省（65家）,,,,百度地图,,
郑州市心血管病医院,专科医院,三级未定等,河南省（65家）,,,,百度地图,,
郑州市中心医院,综合医院,三级甲等,河南省（65家）,,,,百度地图,,
中平能化医疗集团总医院,综合医院,三级甲等,河南省（65家）,,,,百度地图,,
周口市中心医院,综合医院,三级甲等,河南省（65家）,,,,百度地图,,
驻马店市第一人民医院,综合医院,三级其他,河南省（65家）,,,,百度地图,,
驻马店市精神病院,,三级其他,河南省（65家）,,,,百度地图,,
驻马店市中心医院,,三级其他,河南省（65家）,,,,百度地图,,
东风汽车公司总医院,综合医院,三级甲等,湖北省（52家）,,,,百度地图,,
鄂钢医院,综合医院,三级乙等,湖北省（52家）,,,,百度地图,,
鄂州市中心医院,综合医院,三级甲等,湖北省（52家）,,,,百度地图,,
恩施土家族苗族自治州中心医院,综合医院,三级甲等,湖北省（52家）,,,,百度地图,,
湖北江汉油田总医院,综合医院,三级甲等,湖北省（52家）,,,,百度地图,,
湖北民族学院附属民大医院,综合医院,三级未定等,湖北省（52家）,,,,百度地图,,
湖北省妇幼保健医院,专科医院,三级甲等,湖北省（52家）,,,,百度地图,,
湖北省黄石市妇幼保健院,专科医院,三级其他,湖北省（52家）,,,,百度地图,,
湖北省新华医院,综合医院,三级乙等,湖北省（52家）,,,,百度地图,,
湖北省中山医院,综合医院,三级甲等,湖北省（52家）,,,,百度地图,,
湖北省中医医院,,三级甲等,湖北省（52家）,,,,百度地图,,
湖北省肿瘤医院,专科医院,三级甲等,湖北省（52家）,,,,百度地图,,
华中科技大学同济医学院附属梨园医院,综合医院,三级甲等,湖北省（52家）,,,,百度地图,,
华中科技大学同济医学院附属同济医院,综合医院,三级甲等,湖北省（52家）,,,,百度地图,,
华中科技大学同济医学院附属协和医院,综合医院,三级甲等,湖北省（52家）,,,,百度地图,,
黄冈市中心医院,专科医院,三级甲等,湖北省（52家）,,,,百度地图,,
黄石市爱康医院,综合医院,三级乙等,湖北省（52家）,,,,百度地图,,
黄石市中心医院,综合医院,三级甲等,湖北省（52家）,,,,百度地图,,
荆门市第一人民医院,综合医院,三级甲等,湖北省（52家）,,,,百度地图,,
荆州市第一人民医院,综合医院,三级甲等,湖北省（52家）,,,,百度地图,,
荆州市中心医院,综合医院,三级甲等,湖北省（52家）,,,,百度地图,,
三峡大学仁和医院,综合医院,三级未定等,湖北省（52家）,,,,百度地图,,
十堰市人民医院,综合医院,三级甲等,湖北省（52家）,,,,百度地图,,
十堰市太和医院,综合医院,三级甲等,湖北省（52家）,,,,百度地图,,
随州市中心医院,综合医院,三级乙等,湖北省（52家）,,,,百度地图,,
武汉大学口腔医院,专科医院,三级甲等,湖北省（52家）,,,,百度地图,,
武汉大学人民医院,综合医院,三级甲等,湖北省（52家）,,,,百度地图,,
武汉大学中南医院,综合医院,三级甲等,湖北省（52家）,,,,百度地图,,
武汉钢铁（集团）公司职工总医院,综合医院,三级甲等,湖北省（52家）,,,,百度地图,,
武汉钢铁公司第二职工医院,综合医院,三级乙等,湖北省（52家）,,,,百度地图,,
武汉科技大学天佑医院,综合医院,三级甲等,湖北省（52家）,,,,百度地图,,
武汉市第六医院,综合医院,三级未定等,湖北省（52家）,,,,百度地图,,
武汉市第三医院,综合医院,三级甲等,湖北省（52家）,,,,百度地图,,
武汉市妇女儿童医疗保健中心,专科医院,三级甲等,湖北省（52家）,,,,百度地图,,
武汉市精神卫生中心,专科医院,三级其他,湖北省（52家）,,,,百度地图,,
武汉市普爱医院,综合医院,三级甲等,湖北省（52家）,,,,百度地图,,
武汉市普仁医院,综合医院,三级乙等,湖北省（52家）,,,,百度地图,,
武汉市医疗救治中心,综合医院,三级其他,湖北省（52家）,,,,百度地图,,
武汉市中西医结合医院,中西医结合医院,三级甲等,湖北省（52家）,,,,百度地图,,
武汉市中心医院,综合医院,三级甲等,湖北省（52家）,,,,百度地图,,
武汉亚洲心脏病医院,专科医院,三级未定等,湖北省（52家）,,,,百度地图,,
咸宁市中心医院,综合医院,三级甲等,湖北省（52家）,,,,百度地图,,
襄阳市第一人民医院,综合医院,三级甲等,湖北省（52家）,,,,百度地图,,
襄阳市中心医院,综合医院,三级甲等,湖北省（52家）,,,,百度地图,,
襄阳市中医医院,,三级甲等,湖北省（52家）,,,,百度地图,,
孝感市康复医院,专科医院,三级其他,湖北省（52家）,,,,百度地图,,
孝感市中心医院,综合医院,三级甲等,湖北省（52家）,,,,百度地图,,
宜昌市第二人民医院,综合医院,三级未定等,湖北省（52家）,,,,百度地图,,
宜昌市第一人民医院,综合医院,三级甲等,湖北省（52家）,,,,百度地图,,
宜昌市中心人民医院,综合医院,三级甲等,湖北省（52家）,,,,百度地图,,
长江航运总医院,综合医院,三级乙等,湖北省（52家）,,,,百度地图,,
中国葛洲坝集团中心医院,综合医院,三级甲等,湖北省（52家）,,,,百度地图,,
常德市第一人民医院,综合医院,三级甲等,湖南省（35家）,,,,百度地图,,
郴州市第一人民医院,综合医院,三级甲等,湖南省（35家）,,,,百度地图,,
衡阳市第一人民医院,综合医院,三级其他,湖南省（35家）,,,,百度地图,,
衡阳市中心医院,综合医院,三级甲等,湖南省（35家）,,,,百度地图,,
湖南省儿童医院,专科医院,三级甲等,湖南省（35家）,,,,百度地图,,
湖南省脑科医院,综合医院,三级未定等,湖南省（35家）,,,,百度地图,,
湖南省人民医院,综合医院,三级甲等,湖南省（35家）,,,,百度地图,,
湖南省肿瘤医院,专科医院,三级甲等,湖南省（35家）,,,,百度地图,,
湖南师范大学附属湘东医院,综合医院,三级其他,湖南省（35家）,,,,百度地图,,
湖南旺旺医院,综合医院,三级未定等,湖南省（35家）,,,,百度地图,,
怀化市第三人民医院,综合医院,三级未定等,湖南省（35家）,,,,百度地图,,
怀化市第一人民医院,综合医院,三级甲等,湖南省（35家）,,,,百度地图,,
娄底市中心医院,综合医院,三级甲等,湖南省（35家）,,,,百度地图,,
南华大学附属第二医院,综合医院,三级甲等,湖南省（35家）,,,,百度地图,,
南华大学附属第一医院,综合医院,三级甲等,湖南省（35家）,,,,百度地图,,
南华大学附属南华医院,综合医院,三级甲等,湖南省（35家）,,,,百度地图,,
邵阳市第一人民医院,综合医院,三级乙等,湖南省（35家）,,,,百度地图,,
邵阳市中心医院,综合医院,三级甲等,湖南省（35家）,,,,百度地图,,
湘潭市第一人民医院,综合医院,三级未定等,湖南省（35家）,,,,百度地图,,
湘潭市中心医院,综合医院,三级甲等,湖南省（35家）,,,,百度地图,,
湘西自治州人民医院,综合医院,三级乙等,湖南省（35家）,,,,百度地图,,
益阳市中心医院,综合医院,三级甲等,湖南省（35家）,,,,百度地图,,
永州市中心医院,综合医院,三级甲等,湖南省（35家）,,,,百度地图,,
永州职业技术学院附属医院,综合医院,三级未定等,湖南省（35家）,,,,百度地图,,
岳阳市二人民医院,综合医院,三级未定等,湖南省（35家）,,,,百度地图,,
岳阳市一人民医院,综合医院,三级甲等,湖南省（35家）,,,,百度地图,,
张家界市人民医院,综合医院,三级未定等,湖南省（35家）,,,,百度地图,,
长沙市第三医院,综合医院,三级未定等,湖南省（35家）,,,,百度地图,,
长沙市第四医院,综合医院,三级未定等,湖南省（35家）,,,,百度地图,,
中南大学湘雅二医院,综合医院,三级甲等,湖南省（35家）,,,,百度地图,,
中南大学湘雅三医院,,三级甲等,湖南省（35家）,,,,百度地图,,
中南大学湘雅医院,,三级甲等,湖南省（35家）,,,,百度地图,,
株洲恺德心血管病医院,专科医院,三级未定等,湖南省（35家）,,,,百度地图,,
株洲市三三一医院,综合医院,三级未定等,湖南省（35家）,,,,百度地图,,
株洲市一医院,综合医院,三级甲等,湖南省（35家）,,,,百度地图,,
北京大学深圳医院,综合医院,三级甲等,广东省（102家）,,,,百度地图,,
潮州市潮州医院,综合医院,三级未定等,广东省（102家）,,,,百度地图,,
潮州市中心医院,综合医院,三级未定等,广东省（102家）,,,,百度地图,,
东莞市东华医院,综合医院,三级甲等,广东省（102家）,,,,百度地图,,
东莞市妇幼保健院,妇幼保健院,三级甲等,广东省（102家）,,,,百度地图,,
东莞市厚街医院,综合医院,三级甲等,广东省（102家）,,,,百度地图,,
东莞市康华医院,综合医院,三级甲等,广东省（102家）,,,,百度地图,,
东莞市人民医院,综合医院,三级甲等,广东省（102家）,,,,百度地图,,
东莞市石龙人民医院,综合医院,三级甲等,广东省（102家）,,,,百度地图,,
东莞市太平人民医院,综合医院,三级甲等,广东省（102家）,,,,百度地图,,
佛山市禅城区中心医院,综合医院,三级甲等,广东省（102家）,,,,百度地图,,
佛山市第二人民医院,综合医院,三级甲等,广东省（102家）,,,,百度地图,,
佛山市第一人民医院,综合医院,三级甲等,广东省（102家）,,,,百度地图,,
佛山市妇幼保健院,妇幼保健院,三级甲等,广东省（102家）,,,,百度地图,,
佛山市高明区人民医院,综合医院,三级甲等,广东省（102家）,,,,百度地图,,
佛山市南海区妇幼保健院,妇幼保健院,三级甲等,广东省（102家）,,,,百度地图,,
佛山市南海区人民医院,综合医院,三级甲等,广东省（102家）,,,,百度地图,,
佛山市三水区人民医院,综合医院,三级乙等,广东省（102家）,,,,百度地图,,
佛山市顺德区第一人民医院,综合医院,三级甲等,广东省（102家）,,,,百度地图,,
佛山市顺德区妇幼保健院,妇幼保健院,三级甲等,广东省（102家）,,,,百度地图,,
高州市人民医院,综合医院,三级未定等,广东省（102家）,,,,百度地图,,
广东省第二人民医院,综合医院,三级甲等,广东省（102家）,,,,百度地图,,
广东省妇幼保健院,妇幼保健院,三级甲等,广东省（102家）,,,,百度地图,,
广东省口腔医院,专科医院,三级未定等,广东省（102家）,,,,百度地图,,
广东省农垦中心医院,综合医院,三级甲等,广东省（102家）,,,,百度地图,,
广东省人民医院,综合医院,三级甲等,广东省（102家）,,,,百度地图,,
广东药学院附属第一医院,综合医院,三级甲等,广东省（102家）,,,,百度地图,,
广东医学院附属医院,综合医院,三级甲等,广东省（102家）,,,,百度地图,,
广州市第八人民医院,专科医院,三级未定等,广东省（102家）,,,,百度地图,,
广州市第十二人民医院,综合医院,三级未定等,广东省（102家）,,,,百度地图,,
广州市第一人民医院,综合医院,三级甲等,广东省（102家）,,,,百度地图,,
广州市番禺区中心医院,综合医院,三级甲等,广东省（102家）,,,,百度地图,,
广州市妇女儿童医疗中心,专科医院,三级甲等,广东省（102家）,,,,百度地图,,
广州市复大医疗投资管理有限公司复大肿瘤医院,专科医院,三级未定等,广东省（102家）,,,,百度地图,,
广州市红十字会医院,综合医院,三级甲等,广东省（102家）,,,,百度地图,,
广州市花都区人民医院,综合医院,三级乙等,广东省（102家）,,,,百度地图,,
广州市精神病医院,专科医院,三级甲等,广东省（102家）,,,,百度地图,,
广州市胸科医院,专科医院,三级未定等,广东省（102家）,,,,百度地图,,
广州医科大学附属第二医院,综合医院,三级甲等,广东省（102家）,,,,百度地图,,
广州医科大学附属第三医院,综合医院,三级甲等,广东省（102家）,,,,百度地图,,
广州医科大学附属第一医院,综合医院,三级甲等,广东省（102家）,,,,百度地图,,
广州医学院附属肿瘤医院,专科医院,三级未定等,广东省（102家）,,,,百度地图,,
广州医学院口腔医院,专科医院,三级未定等,广东省（102家）,,,,百度地图,,
河源市人民医院,综合医院,三级乙等,广东省（102家）,,,,百度地图,,
惠州市第三人民医院,综合医院,三级未定等,广东省（102家）,,,,百度地图,,
惠州市第一人民医院,综合医院,三级未定等,广东省（102家）,,,,百度地图,,
惠州市中心人民医院,综合医院,三级甲等,广东省（102家）,,,,百度地图,,
暨南大学附属第一医院,综合医院,三级甲等,广东省（102家）,,,,百度地图,,
江门市人民医院,综合医院,三级甲等,广东省（102家）,,,,百度地图,,
江门市中心医院,综合医院,三级甲等,广东省（102家）,,,,百度地图,,
揭阳市人民医院,综合医院,三级甲等,广东省（102家）,,,,百度地图,,
开平市中心医院,综合医院,三级甲等,广东省（102家）,,,,百度地图,,
罗定市人民医院,综合医院,三级甲等,广东省（102家）,,,,百度地图,,
茂名市人民医院,综合医院,三级甲等,广东省（102家）,,,,百度地图,,
梅州市人民医院,综合医院,三级甲等,广东省（102家）,,,,百度地图,,
南方医科大学第三附属医院,综合医院,三级未定等,广东省（102家）,,,,百度地图,,
南方医科大学南方医院,综合医院,三级甲等,广东省（102家）,,,,百度地图,,
南方医科大学珠江医院,综合医院,三级甲等,广东省（102家）,,,,百度地图,,
普宁华侨医院,综合医院,三级未定等,广东省（102家）,,,,百度地图,,
普宁市人民医院,综合医院,三级甲等,广东省（102家）,,,,百度地图,,
清远市人民医院,综合医院,三级甲等,广东省（102家）,,,,百度地图,,
汕头潮南民生医院,综合医院,三级未定等,广东省（102家）,,,,百度地图,,
汕头大学 香港中文大学联合汕头国际眼科中心,专科医院,三级未定等,广东省（102家）,,,,百度地图,,
汕头大学医学院第二附属医院,综合医院,三级未定等,广东省（102家）,,,,百度地图,,
汕头大学医学院第一附属医院,综合医院,三级甲等,广东省（102家）,,,,百度地图,,
汕头大学医学院附属肿瘤医院,专科医院,三级未定等,广东省（102家）,,,,百度地图,,
汕头市第二人民医院,综合医院,三级未定等,广东省（102家）,,,,百度地图,,
汕头市中心医院,综合医院,三级甲等,广东省（102家）,,,,百度地图,,
汕尾市人民医院,综合医院,三级未定等,广东省（102家）,,,,百度地图,,
汕尾逸挥基金医院,综合医院,三级乙等,广东省（102家）,,,,百度地图,,
韶关市第一人民医院,综合医院,三级甲等,广东省（102家）,,,,百度地图,,
深圳市宝安区人民医院,综合医院,三级甲等,广东省（102家）,,,,百度地图,,
深圳市第二人民医院,综合医院,三级甲等,广东省（102家）,,,,百度地图,,
深圳市第三人民医院,专科医院,三级未定等,广东省（102家）,,,,百度地图,,
深圳市儿童医院,专科医院,三级未定等,广东省（102家）,,,,百度地图,,
深圳市妇幼保健院,妇幼保健院,三级未定等,广东省（102家）,,,,百度地图,,
深圳市康宁医院,专科医院,三级未定等,广东省（102家）,,,,百度地图,,
深圳市龙岗中心医院,综合医院,三级甲等,广东省（102家）,,,,百度地图,,
深圳市南山区人民医院,综合医院,三级甲等,广东省（102家）,,,,百度地图,,
深圳市人民医院,综合医院,三级甲等,广东省（102家）,,,,百度地图,,
深圳市孙逸仙心血管医院,专科医院,三级未定等,广东省（102家）,,,,百度地图,,
深圳市眼科医院,专科医院,三级未定等,广东省（102家）,,,,百度地图,,
阳江市人民医院,综合医院,三级甲等,广东省（102家）,,,,百度地图,,
粤北人民医院,综合医院,三级甲等,广东省（102家）,,,,百度地图,,
云浮市人民医院,综合医院,三级未定等,广东省（102家）,,,,百度地图,,
湛江中心人民医院,综合医院,三级甲等,广东省（102家）,,,,百度地图,,
肇庆市第一人民医院,综合医院,三级甲等,广东省（102家）,,,,百度地图,,
肇庆市端州区妇幼保健院,妇幼保健院,三级乙等,广东省（102家）,,,,百度地图,,
中山大学附属第六医院,综合医院,三级未定等,广东省（102家）,,,,百度地图,,
中山大学附属第三医院,综合医院,三级甲等,广东省（102家）,,,,百度地图,,
中山大学附属第五医院,综合医院,三级其他,广东省（102家）,,,,百度地图,,
中山大学附属第一医院,综合医院,三级甲等,广东省（102家）,,,,百度地图,,
中山大学附属口腔医院,专科医院,三级未定等,广东省（102家）,,,,百度地图,,
中山大学附属肿瘤医院,专科医院,三级甲等,广东省（102家）,,,,百度地图,,
中山大学孙逸仙纪念医院,综合医院,三级甲等,广东省（102家）,,,,百度地图,,
中山大学中山眼科中心,专科医院,三级甲等,广东省（102家）,,,,百度地图,,
中山市博爱医院,综合医院,三级甲等,广东省（102家）,,,,百度地图,,
中山市人民医院,综合医院,三级甲等,广东省（102家）,,,,百度地图,,
中山市小榄人民医院,综合医院,三级甲等,广东省（102家）,,,,百度地图,,
珠海市第二人民医院,综合医院,三级未定等,广东省（102家）,,,,百度地图,,
珠海市妇幼保健院,妇幼保健院,三级甲等,广东省（102家）,,,,百度地图,,
珠海市人民医院,综合医院,三级甲等,广东省（102家）,,,,百度地图,,
百色市人民医院,综合医院,三级甲等,广西壮族自治区（32家）,,,,百度地图,,
北海市人民医院,综合医院,三级甲等,广西壮族自治区（32家）,,,,百度地图,,
广西医科大学第一附属医院,综合医院,三级甲等,广西壮族自治区（32家）,,,,百度地图,,
广西医科大学附属口腔医院,专科医院,三级甲等,广西壮族自治区（32家）,,,,百度地图,,
广西壮族自治区工人医院,专科医院,三级甲等,广西壮族自治区（32家）,,,,百度地图,,
广西壮族自治区桂东人民医院,综合医院,三级其他,广西壮族自治区（32家）,,,,百度地图,,
广西壮族自治区龙潭医院,专科医院,三级乙等,广西壮族自治区（32家）,,,,百度地图,,
广西壮族自治区民族医院,综合医院,三级甲等,广西壮族自治区（32家）,,,,百度地图,,
广西壮族自治区南溪山医院,综合医院,三级甲等,广西壮族自治区（32家）,,,,百度地图,,
广西壮族自治区人民医院,综合医院,三级甲等,广西壮族自治区（32家）,,,,百度地图,,
广西壮族自治区肿瘤医院,专科医院,三级甲等,广西壮族自治区（32家）,,,,百度地图,,
贵港市人民医院,综合医院,三级甲等,广西壮族自治区（32家）,,,,百度地图,,
桂林市第二人民医院,综合医院,三级甲等,广西壮族自治区（32家）,,,,百度地图,,
桂林市人民医院,综合医院,三级甲等,广西壮族自治区（32家）,,,,百度地图,,
桂林医学院附属医院,综合医院,三级甲等,广西壮族自治区（32家）,,,,百度地图,,
河池市人民医院,综合医院,三级甲等,广西壮族自治区（32家）,,,,百度地图,,
柳州市工人医院,综合医院,三级甲等,广西壮族自治区（32家）,,,,百度地图,,
柳州市柳铁中心医院,综合医院,三级甲等,广西壮族自治区（32家）,,,,百度地图,,
柳州市人民医院,综合医院,三级甲等,广西壮族自治区（32家）,,,,百度地图,,
柳州医学高等专科学校第一附属医院,综合医院,三级甲等,广西壮族自治区（32家）,,,,百度地图,,
南宁爱尔眼科医院,专科医院,三级未定等,广西壮族自治区（32家）,,,,百度地图,,
南宁市第二人民医院,综合医院,三级甲等,广西壮族自治区（32家）,,,,百度地图,,
南宁市第四人民医院,专科医院,三级乙等,广西壮族自治区（32家）,,,,百度地图,,
南宁市第一人民医院,综合医院,三级甲等,广西壮族自治区（32家）,,,,百度地图,,
钦州市第二人民医院,综合医院,三级甲等,广西壮族自治区（32家）,,,,百度地图,,
钦州市第一人民医院,综合医院,三级甲等,广西壮族自治区（32家）,,,,百度地图,,
梧州市工人医院,综合医院,三级甲等,广西壮族自治区（32家）,,,,百度地图,,
梧州市红十字会医院,综合医院,三级乙等,广西壮族自治区（32家）,,,,百度地图,,
梧州市人民医院,综合医院,三级乙等,广西壮族自治区（32家）,,,,百度地图,,
右江民族医学院附属医院,综合医院,三级甲等,广西壮族自治区（32家）,,,,百度地图,,
玉林市第一人民医院,综合医院,三级甲等,广西壮族自治区（32家）,,,,百度地图,,
玉林市红十字会医院,综合医院,三级乙等,广西壮族自治区（32家）,,,,百度地图,,
海口市人民医院,综合医院,三级甲等,海南省（7家）,,,,百度地图,,
海南省农垦三亚医院,综合医院,三级甲等,海南省（7家）,,,,百度地图,,
海南省农垦总医院,综合医院,三级甲等,海南省（7家）,,,,百度地图,,
海南省人民医院,综合医院,三级甲等,海南省（7家）,,,,百度地图,,
海南医学院附属医院,综合医院,三级甲等,海南省（7家）,,,,百度地图,,
琼海市人民医院,乡镇卫生院,三级未定等,海南省（7家）,,,,百度地图,,
三亚市人民医院,综合医院,三级未定等,海南省（7家）,,,,百度地图,,
重庆市第九人民医院,,三级甲等,重庆市（11家）,,,,百度地图,,
重庆市第三人民医院,,三级甲等,重庆市（11家）,,,,百度地图,,
重庆市第四人民医院,,三级甲等,重庆市（11家）,,,,百度地图,,
重庆市涪陵中心医院,,三级甲等,重庆市（11家）,,,,百度地图,,
重庆市三峡中心医院,,三级甲等,重庆市（11家）,,,,百度地图,,
重庆市肿瘤医院,,三级甲等,重庆市（11家）,,,,百度地图,,
重庆医科大学附属第二医院,,三级甲等,重庆市（11家）,,,,百度地图,,
重庆医科大学附属第一医院,,三级甲等,重庆市（11家）,,,,百度地图,,
重庆医科大学附属儿童医院,,三级甲等,重庆市（11家）,,,,百度地图,,
重庆医科大学附属口腔医院,,三级甲等,重庆市（11家）,,,,百度地图,,
重庆医科大学附属永川医院,,三级甲等,重庆市（11家）,,,,百度地图,,
阿坝州人民医院,综合医院,三级乙等,四川省,阿坝藏族羌族自治州,中国四川省阿坝藏族羌族自治州马尔康市马江街95号,0837-2822698,百度地图,102.2322451,31.90312822
巴中市中心医院,,三级乙等,四川省,巴中市,中国四川省巴中市巴州区南池河街1号,,百度地图,,
成都大学附属医院,综合医院,三级甲等,四川省（44家）,,,,百度地图,,
成都市第二人民医院,综合医院,三级甲等,四川省（44家）,,,,百度地图,,
成都市第六人民医院,综合医院,三级乙等,四川省（44家）,,,,百度地图,,
成都市第三人民医院,综合医院,三级甲等,四川省（44家）,,,,百度地图,,
成都市中西医结合医院,综合医院,三级甲等,四川省（44家）,,,,百度地图,,
成都医学院附属医院,综合医院,三级甲等,四川省（44家）,,,,百度地图,,
成都中医药大学附属医院,,三级甲等,四川省（44家）,,,,百度地图,,
川北医学院附属医院,综合医院,三级甲等,四川省（44家）,,,,百度地图,,
达州市中西医结合医院,,三级甲等,四川省（44家）,,,,百度地图,,
达州市中心医院,综合医院,三级甲等,四川省（44家）,,,,百度地图,,
德阳市人民医院,综合医院,三级甲等,四川省（44家）,,,,百度地图,,
甘孜州人民医院,,三级乙等,四川省（44家）,,,,百度地图,,
广元市精神卫生中心,专科医院,三级甲等,四川省（44家）,,,,百度地图,,
广元市中心医院,综合医院,三级甲等,四川省（44家）,,,,百度地图,,
乐山市人民医院,综合医院,三级甲等,四川省（44家）,,,,百度地图,,
凉山州第二人民医院,综合医院,三级乙等,四川省（44家）,,,,百度地图,,
凉山州第一人民医院,,三级甲等,四川省（44家）,,,,百度地图,,
泸州医学院附属医院,综合医院,三级甲等,四川省（44家）,,,,百度地图,,
绵阳市第三人民医院,综合医院,三级甲等,四川省（44家）,,,,百度地图,,
绵阳市中心医院,综合医院,三级甲等,四川省（44家）,,,,百度地图,,
南充市中心医院,综合医院,三级甲等,四川省（44家）,,,,百度地图,,
内江市第一人民医院,综合医院,三级甲等,四川省（44家）,,,,百度地图,,
内江市中医医院,,三级甲等,四川省（44家）,,,,百度地图,,
攀枝花第三人民医院,专科医院,三级甲等,四川省（44家）,,,,百度地图,,
攀枝花钢铁有限责任公司职工总医院,综合医院,三级甲等,四川省（44家）,,,,百度地图,,
攀枝花市中西医结合医院,,三级甲等,四川省（44家）,,,,百度地图,,
攀枝花市中心医院,综合医院,三级甲等,四川省（44家）,,,,百度地图,,
省骨科医院,,三级甲等,四川省（44家）,,,,百度地图,,
省中西医结合医院,,三级乙等,四川省（44家）,,,,百度地图,,
四川大学华西二院,专科医院,三级甲等,四川省（44家）,,,,百度地图,,
四川大学华西医院,综合医院,三级甲等,四川省（44家）,,,,百度地图,,
四川绵阳四0四医院,综合医院,三级乙等,四川省（44家）,,,,百度地图,,
四川省人民医院,综合医院,三级甲等,四川省（44家）,,,,百度地图,,
四川省肿瘤医院,专科医院,三级甲等,四川省（44家）,,,,百度地图,,
遂宁市中心医院,综合医院,三级甲等,四川省（44家）,,,,百度地图,,
雅安市人民医院,综合医院,三级甲等,四川省（44家）,,,,百度地图,,
宜宾市第二人民医院,综合医院,三级甲等,四川省（44家）,,,,百度地图,,
宜宾市第一人民医院,综合医院,三级甲等,四川省（44家）,,,,百度地图,,
自贡市第三人民医院,综合医院,三级乙等,四川省（44家）,,,,百度地图,,
自贡市第四人民医院,综合医院,三级甲等,四川省（44家）,,,,百度地图,,
自贡市第一人民医院,综合医院,三级甲等,四川省（44家）,,,,百度地图,,
自贡市精神卫生中心,专科医院,三级甲等,四川省（44家）,,,,百度地图,,
安顺市人民医院,综合医院,三级甲等,贵州省（40家）,,,,百度地图,,
毕节市人民医院,综合医院,三级甲等,贵州省（40家）,,,,百度地图,,
贵航贵阳医院,综合医院,三级未定等,贵州省（40家）,,,,百度地图,,
贵阳爱尔眼科医院有限公司,专科医院,三级未定等,贵州省（40家）,,,,百度地图,,
贵阳白志祥骨科医院,专科医院,三级乙等,贵州省（40家）,,,,百度地图,,
贵阳市第二人民医院,综合医院,三级甲等,贵州省（40家）,,,,百度地图,,
贵阳市第三人民医院,综合医院,三级未定等,贵州省（40家）,,,,百度地图,,
贵阳市第四人民医院,综合医院,三级甲等,贵州省（40家）,,,,百度地图,,
贵阳市第五人民医院,专科医院,三级未定等,贵州省（40家）,,,,百度地图,,
贵阳市第一人民医院,综合医院,三级甲等,贵州省（40家）,,,,百度地图,,
贵阳市肺科医院,专科医院,三级未定等,贵州省（40家）,,,,百度地图,,
贵阳市妇幼保健院,妇幼保健院,三级甲等,贵州省（40家）,,,,百度地图,,
贵阳市口腔医院,专科医院,三级甲等,贵州省（40家）,,,,百度地图,,
贵阳医学院第二附属医院,综合医院,三级甲等,贵州省（40家）,,,,百度地图,,
贵阳医学院第三附属医院,综合医院,三级甲等,贵州省（40家）,,,,百度地图,,
贵阳医学院附属白云医院,综合医院,三级未定等,贵州省（40家）,,,,百度地图,,
贵阳医学院附属医院,综合医院,三级甲等,贵州省（40家）,,,,百度地图,,
贵阳中医学院第二附属医院,中西医结合医院,三级甲等,贵州省（40家）,,,,百度地图,,
贵州电力职工医院,综合医院,三级未定等,贵州省（40家）,,,,百度地图,,
贵州航天医院,综合医院,三级乙等,贵州省（40家）,,,,百度地图,,
贵州盘江投资控股(集团)有限公司总医院,综合医院,三级未定等,贵州省（40家）,,,,百度地图,,
贵州省第二人民医院,综合医院,三级未定等,贵州省（40家）,,,,百度地图,,
贵州省骨科医院,专科医院,三级甲等,贵州省（40家）,,,,百度地图,,
贵州省人民医院,综合医院,三级甲等,贵州省（40家）,,,,百度地图,,
贵州省肿瘤医院,专科医院,三级甲等,贵州省（40家）,,,,百度地图,,
贵州省遵义县人民医院,综合医院,三级未定等,贵州省（40家）,,,,百度地图,,
贵州水矿控股集团有限责任公司总医院,综合医院,三级乙等,贵州省（40家）,,,,百度地图,,
贵州整形美容外科医院,专科医院,三级未定等,贵州省（40家）,,,,百度地图,,
六盘水市人民医院,综合医院,三级甲等,贵州省（40家）,,,,百度地图,,
黔东南苗族侗族自治州人民医院,综合医院,三级甲等,贵州省（40家）,,,,百度地图,,
黔南布依族苗族自治州人民医院,综合医院,三级甲等,贵州省（40家）,,,,百度地图,,
黔西南布依族苗族自治州人民医院,综合医院,三级甲等,贵州省（40家）,,,,百度地图,,
首钢水城钢铁（集团）有限责任公司总医院,综合医院,三级未定等,贵州省（40家）,,,,百度地图,,
铜仁市第一人民医院,综合医院,三级甲等,贵州省（40家）,,,,百度地图,,
兴义市人民医院,综合医院,三级甲等,贵州省（40家）,,,,百度地图,,
中国贵航集团三〇二医院,综合医院,三级乙等,贵州省（40家）,,,,百度地图,,
遵义市第一人民医院,综合医院,三级甲等,贵州省（40家）,,,,百度地图,,
遵义市妇女儿童院,专科医院,三级未定等,贵州省（40家）,,,,百度地图,,
遵义医学院附属口腔医院,专科医院,三级甲等,贵州省（40家）,,,,百度地图,,
遵义医学院附属医院,综合医院,三级甲等,贵州省（40家）,,,,百度地图,,
保山市人民医院,,三级乙等,云南省（25家）,,,,百度地图,,
楚雄州人民医院,综合医院,三级乙等,云南省（25家）,,,,百度地图,,
大理白族自治州人民医院,综合医院,三级乙等,云南省（25家）,,,,百度地图,,
大理学院附属医院,综合医院,三级未定等,云南省（25家）,,,,百度地图,,
德宏州医疗集团人民医院,综合医院,三级乙等,云南省（25家）,,,,百度地图,,
迪庆藏族自治州人民医院,综合医院,三级未定等,云南省（25家）,,,,百度地图,,
昆明医科大学第二附属医院,综合医院,三级甲等,云南省（25家）,,,,百度地图,,
昆明医科大学第三附属医院,专科医院,三级未定等,云南省（25家）,,,,百度地图,,
昆明医科大学第一附属医院,综合医院,三级甲等,云南省（25家）,,,,百度地图,,
昆明医科大学附属口腔医院,专科医院,三级其他,云南省（25家）,,,,百度地图,,
丽江市人民医院,综合医院,三级乙等,云南省（25家）,,,,百度地图,,
临沧市人民医院,综合医院,三级乙等,云南省（25家）,,,,百度地图,,
怒江州人民医院,综合医院,三级未定等,云南省（25家）,,,,百度地图,,
普洱市人民医院,,三级乙等,云南省（25家）,,,,百度地图,,
普洱市中医医院,,三级乙等,云南省（25家）,,,,百度地图,,
文山州人民医院,,三级乙等,云南省（25家）,,,,百度地图,,
文山州中医医院,,三级乙等,云南省（25家）,,,,百度地图,,
玉溪市第二人民医院,专科医院,三级未定等,云南省（25家）,,,,百度地图,,
玉溪市人民医院,,三级甲等,云南省（25家）,,,,百度地图,,
玉溪市中医医院,,三级甲等,云南省（25家）,,,,百度地图,,
云南省传染病专科医院,专科医院,三级未定等,云南省（25家）,,,,百度地图,,
云南省第二人民医院,,三级乙等,云南省（25家）,,,,百度地图,,
云南省第三人民医院,,三级乙等,云南省（25家）,,,,百度地图,,
云南省第一人民医院,综合医院,三级甲等,云南省（25家）,,,,百度地图,,
云南省农垦总局第一职工医院,综合医院,三级乙等,云南省（25家）,,,,百度地图,,
西藏自治区人民医院,,三级甲等,西藏自治区（1家）,,,,百度地图,,
安康市中心医院,综合医院,三级甲等,陕西省（38家）,,,,百度地图,,
宝鸡市人民医院,综合医院,三级乙等,陕西省（38家）,,,,百度地图,,
宝鸡市中心医院,综合医院,三级甲等,陕西省（38家）,,,,百度地图,,
汉中市中心医院,综合医院,三级甲等,陕西省（38家）,,,,百度地图,,
核工业215医院,综合医院,三级乙等,陕西省（38家）,,,,百度地图,,
三二○一医院,,三级甲等,陕西省（38家）,,,,百度地图,,
陕西省第二人民医院,,三级未定等,陕西省（38家）,,,,百度地图,,
陕西省第四人民医院,综合医院,三级未定等,陕西省（38家）,,,,百度地图,,
陕西省结核病防治院,,三级甲等,陕西省（38家）,,,,百度地图,,
陕西省人民医院,综合医院,三级甲等,陕西省（38家）,,,,百度地图,,
陕西省肿瘤医院,专科医院,三级甲等,陕西省（38家）,,,,百度地图,,
商洛市中心医院,综合医院,三级乙等,陕西省（38家）,,,,百度地图,,
铜川矿务局中心医院,综合医院,三级乙等,陕西省（38家）,,,,百度地图,,
铜川市人民医院,综合医院,三级乙等,陕西省（38家）,,,,百度地图,,
渭南市中心医院,综合医院,三级甲等,陕西省（38家）,,,,百度地图,,
西安高新医院,综合医院,三级甲等,陕西省（38家）,,,,百度地图,,
西安交通大学第一附属医院,综合医院,三级甲等,陕西省（38家）,,,,百度地图,,
西安交通大学口腔医院,专科医院,三级甲等,陕西省（38家）,,,,百度地图,,
西安市第八医院,专科医院,三级甲等,陕西省（38家）,,,,百度地图,,
西安市第九医院,,三级甲等,陕西省（38家）,,,,百度地图,,
西安市第四医院,综合医院,三级甲等,陕西省（38家）,,,,百度地图,,
西安市第五医院,综合医院,三级甲等,陕西省（38家）,,,,百度地图,,
西安市第一医院,综合医院,三级甲等,陕西省（38家）,,,,百度地图,,
西安市儿童医院,专科医院,三级甲等,陕西省（38家）,,,,百度地图,,
西安市红十字会医院,综合医院,三级甲等,陕西省（38家）,,,,百度地图,,
西安市结核病胸部肿瘤医院,专科医院,三级甲等,陕西省（38家）,,,,百度地图,,
西安市精卫中心,专科医院,三级甲等,陕西省（38家）,,,,百度地图,,
西安市中心医院,综合医院,三级甲等,陕西省（38家）,,,,百度地图,,
西安医学院第二附属医院,综合医院,三级乙等,陕西省（38家）,,,,百度地图,,
西安医学院附属医院,综合医院,三级乙等,陕西省（38家）,,,,百度地图,,
咸阳市第一人民医院,综合医院,三级乙等,陕西省（38家）,,,,百度地图,,
咸阳市中心医院,综合医院,三级甲等,陕西省（38家）,,,,百度地图,,
延安大学附属医院,综合医院,三级甲等,陕西省（38家）,,,,百度地图,,
延安市人民医院,综合医院,三级乙等,陕西省（38家）,,,,百度地图,,
榆林市第二医院,综合医院,三级甲等,陕西省（38家）,,,,百度地图,,
榆林市第一医院,综合医院,三级甲等,陕西省（38家）,,,,百度地图,,
榆林市星元医院,专科医院,三级乙等,陕西省（38家）,,,,百度地图,,
中铁二十局集团有限公司医院,综合医院,三级乙等,陕西省（38家）,,,,百度地图,,
白银市第一人民医院,,三级乙等,甘肃省（28家）,,,,百度地图,,
甘肃省康复中心医院,,三级甲等,甘肃省（28家）,,,,百度地图,,
甘肃省武威肿瘤医院,,三级乙等,甘肃省（28家）,,,,百度地图,,
甘肃省肿瘤医院,,三级甲等,甘肃省（28家）,,,,百度地图,,
嘉峪关市第一人民医院,,三级乙等,甘肃省（28家）,,,,百度地图,,
金川集团有限公司职工医院,,三级其他,甘肃省（28家）,,,,百度地图,,
靖远煤业集团有限责任公司总医院,,三级乙等,甘肃省（28家）,,,,百度地图,,
酒钢医院,,三级乙等,甘肃省（28家）,,,,百度地图,,
酒泉市人民医院,,三级甲等,甘肃省（28家）,,,,百度地图,,
兰州大学第二医院,,三级甲等,甘肃省（28家）,,,,百度地图,,
兰州大学第一医院,,三级甲等,甘肃省（28家）,,,,百度地图,,
兰州石化总医院,,三级乙等,甘肃省（28家）,,,,百度地图,,
兰州市第二人民医院,综合医院,三级乙等,甘肃省（28家）,,,,百度地图,,
兰州市第一人民医院,,三级甲等,甘肃省（28家）,,,,百度地图,,
临夏州人民医院,,三级乙等,甘肃省（28家）,,,,百度地图,,
平凉市第二人民医院,综合医院,三级乙等,甘肃省（28家）,,,,百度地图,,
平凉市人民医院,综合医院,三级甲等,甘肃省（28家）,,,,百度地图,,
庆阳市人民医院,,三级甲等,甘肃省（28家）,,,,百度地图,,
庆阳市中医医院,,三级乙等,甘肃省（28家）,,,,百度地图,,
省人民医院,,三级甲等,甘肃省（28家）,,,,百度地图,,
天水市第一人民医院,,三级甲等,甘肃省（28家）,,,,百度地图,,
天水市中西医医院,,三级甲等,甘肃省（28家）,,,,百度地图,,
天水市中医医院,,三级乙等,甘肃省（28家）,,,,百度地图,,
武威市凉州区中医医院,,三级乙等,甘肃省（28家）,,,,百度地图,,
武威市凉州医院,,三级乙等,甘肃省（28家）,,,,百度地图,,
武威市人民医院,,三级乙等,甘肃省（28家）,,,,百度地图,,
武威市中医医院,,三级乙等,甘肃省（28家）,,,,百度地图,,
张掖市人民医院,综合医院,三级甲等,甘肃省（28家）,,,,百度地图,,
青海大学附属医院,综合医院,三级甲等,青海省（9家）,,,,百度地图,,
青海红十字医院,综合医院,三级甲等,青海省（9家）,,,,百度地图,,
青海省藏医院,民族医院,三级甲等,青海省（9家）,,,,百度地图,,
青海省第三人民医院,,三级甲等,青海省（9家）,,,,百度地图,,
青海省第四人民医院,专科医院,三级甲等,青海省（9家）,,,,百度地图,,
青海省第五人民医院,综合医院,三级未定等,青海省（9家）,,,,百度地图,,
青海省妇女儿童医院,专科医院,三级甲等,青海省（9家）,,,,百度地图,,
青海省人民医院,综合医院,三级甲等,青海省（9家）,,,,百度地图,,
青海省心脑血管病专科医院,专科医院,三级甲等,青海省（9家）,,,,百度地图,,
宁夏回族自治区人民医院,综合医院,三级甲等,宁夏回族自治区（3家）,,,,百度地图,,
宁夏医科大学总医院,综合医院,三级甲等,宁夏回族自治区（3家）,,,,百度地图,,
银川市第一人民医院,综合医院,三级甲等,宁夏回族自治区（3家）,,,,百度地图,,
克拉玛依市中心医院,综合医院,三级甲等,新疆维吾尔自治区（12家）,,,,百度地图,,
乌鲁木齐市第四人民医院,,三级未定等,新疆维吾尔自治区（12家）,,,,百度地图,,
乌鲁木齐市友谊医院,综合医院,三级甲等,新疆维吾尔自治区（12家）,,,,百度地图,,
新疆维吾尔自治区人民医院,综合医院,三级甲等,新疆维吾尔自治区（12家）,,,,百度地图,,
新疆维吾尔自治区胸科医院,专科医院,三级未定等,新疆维吾尔自治区（12家）,,,,百度地图,,
新疆心脑血管病医院（有限公司）,专科医院,三级未定等,新疆维吾尔自治区（12家）,,,,百度地图,,
新疆医科大学第二附属医院,,三级甲等,新疆维吾尔自治区（12家）,,,,百度地图,,
新疆医科大学第五附属医院,综合医院,三级甲等,新疆维吾尔自治区（12家）,,,,百度地图,,
新疆医科大学第一附属医院,综合医院,三级甲等,新疆维吾尔自治区（12家）,,,,百度地图,,
新疆医科大学附属肿瘤医院,专科医院,三级甲等,新疆维吾尔自治区（12家）,,,,百度地图,,
伊犁哈萨克自治州奎屯医院,综合医院,三级乙等,新疆维吾尔自治区（12家）,,,,百度地图,,
伊犁哈萨克自治州友谊医院,综合医院,三级甲等,新疆维吾尔自治区（12家）,,,,百度地图,,
新疆生产建设兵团医院,综合医院,三级甲等,新疆生产建设兵团（1家）,,,,百度地图,,
