北京博爱医院,综合医院,三级甲等,北京市（42家）,北京市,北京市北京市丰台区角门北路10,010-67563322;010-89628698,百度地图,116.378262,39.849329
北京大学第六医院,专科医院,三级甲等,北京市（42家）,北京市,北京市北京市海淀区花园北路51号,010-82801939;010-82801936,百度地图,116.357605,39.982261
北京大学第三医院,综合医院,三级甲等,北京市（42家）,北京市,北京市北京市海淀区花园北路49号,010-82264567;010-82266699;010-82264000,百度地图,116.360012,39.982726
北京大学第一医院,综合医院,三级甲等,北京市（42家）,北京市,北京市北京市西城区西什库大街8号,010-83572211;010-83572544,百度地图,116.380702,39.931959
北京大学口腔医院,专科医院,三级甲等,北京市（42家）,北京市,北京市北京市海淀区中关村南大街22号,010-62179977;010-62179665,百度地图,116.324946,39.952238
北京大学人民医院,综合医院,三级甲等,北京市（42家）,北京市,北京市北京市西城区西直门南大街11号,010-88326666,百度地图,116.354137,39.936717
北京大学首钢医院,综合医院,三级未定等,北京市（42家）,北京市,北京市北京市石景山区晋元庄路9号院,010-57830000,百度地图,116.203458,39.928941
北京华信医院,综合医院,三级未定等,北京市（42家）,北京市,北京市北京市朝阳区酒仙桥一街坊6号,010-64369999;010-64308401,百度地图,116.495285,39.96539
北京回龙观医院,专科医院,三级甲等,北京市（42家）,北京市,北京市北京市昌平区回龙观镇(回龙观派出所对面),010-62715511;010-62716230,百度地图,116.329346,40.066795
北京积水潭医院,综合医院,三级甲等,北京市（42家）,北京市,北京市北京市西城区新街口东街31号,010-58516688;010-68419898,百度地图,116.375416,39.944193
北京京煤集团总医院,综合医院,三级未定等,北京市（42家）,北京市,北京市北京市门头沟区黑山大街18号,010-69842525,百度地图,116.0969,39.939319
北京老年医院,综合医院,三级未定等,北京市（42家）,北京市,北京市北京市海淀区温泉路118号,010-62456644;010-62453972;010-62402818,百度地图,116.164018,40.048723
北京小汤山医院,综合医院,三级未定等,北京市（42家）,北京市,北京市北京市昌平区小汤山镇新世纪商城附近,010-61781818,百度地图,116.3909,40.17887
北京燕化医院,综合医院,三级未定等,北京市（42家）,北京市,北京市北京市房山区迎风街15号,010-69342517;010-69346803;010-69342520,百度地图,115.951455,39.727194
北京肿瘤医院,专科医院,三级甲等,北京市（42家）,北京市,北京市北京市海淀区阜成路52号,010-88121122;010-88196358,百度地图,116.289506,39.922902
航天中心医院,综合医院,三级未定等,北京市（42家）,北京市,北京市北京市海淀区玉泉路15号,010-59971199,百度地图,116.251617,39.91653
华北电网有限公司北京电力医院,综合医院,三级未定等,北京市（42家）,北京市,北京市北京市丰台区太平桥西里甲1号,010-63501188,百度地图,116.315876,39.885937
煤炭总医院,综合医院,三级未定等,北京市（42家）,北京市,北京市北京市朝阳区西坝河南里29号,010-64667755;010-84512685,百度地图,116.43678,39.960242
民航总医院,综合医院,三级未定等,北京市（42家）,北京市,北京市北京市朝阳区朝外高井甲1号(易初莲花对面),010-85762244;010-85760010,百度地图,116.529588,39.915646
首都儿科研究所附属儿童医院,专科医院,三级甲等,北京市（42家）,北京市,北京市北京市朝阳区雅宝路2号,010-85695555,百度地图,116.439341,39.914819
首都医科大学附属北京安定医院,专科医院,三级甲等,北京市（42家）,北京市,北京市北京市西城区安康胡同5号,010-58303037;010-58303205;010-58303206,百度地图,116.376842,39.952748
首都医科大学附属北京安贞医院,综合医院,三级甲等,北京市（42家）,北京市,北京市北京市朝阳区安贞路2号,010-64412431;010-64456200,百度地图,116.403428,39.97286
首都医科大学附属北京朝阳医院,综合医院,三级甲等,北京市（42家）,北京市,北京市北京市朝阳区工人体育场南路8号,010-85231000,百度地图,116.453513,39.92579
首都医科大学附属北京地坛医院,专科医院,三级甲等,北京市（42家）,北京市,北京市北京市朝阳区京顺东街8号,010-84322000;010-84322669;010-84322566,百度地图,116.526259,40.023078
首都医科大学附属北京儿童医院,专科医院,三级甲等,北京市（42家）,北京市,北京市北京市西城区南礼士路56号,010-59616161,百度地图,116.354561,39.912433
首都医科大学附属北京妇产医院,专科医院,三级甲等,北京市（42家）,北京市,北京市北京市朝阳区姚家园路251号,010-52276666,百度地图,116.471401,39.931281
首都医科大学附属北京口腔医院,专科医院,三级甲等,北京市（42家）,北京市,北京市北京市东城区天坛西里4号,010-57099114,百度地图,116.40268,39.877978
首都医科大学附属北京世纪坛医院,综合医院,三级甲等,北京市（42家）,北京市,北京市北京市海淀区羊坊店铁医路10号,010-63925588;010-63926022,百度地图,116.318652,39.899371
首都医科大学附属北京天坛医院,综合医院,三级甲等,北京市（42家）,北京市,北京市北京市东城区天坛西里6号,010-67096611;010-67016611,百度地图,116.403901,39.87682
首都医科大学附属北京同仁医院,综合医院,三级甲等,北京市（42家）,北京市,北京市北京市东城区东交民巷1号,010-58266699;010-58269911,百度地图,116.417278,39.902715
首都医科大学附属北京胸科医院,专科医院,三级甲等,北京市（42家）,北京市,北京市北京市通州区北马厂97号,010-89509100;010-89509000,百度地图,116.652887,39.9239
首都医科大学附属北京友谊医院,综合医院,三级甲等,北京市（42家）,北京市,北京市北京市西城区永安路95号,010-63014411;010-63154648;010-63016616,百度地图,116.392062,39.885155
首都医科大学附属北京佑安医院,专科医院,三级甲等,北京市（42家）,北京市,北京市北京市丰台区右安门外西头条8号,010-83997599,百度地图,116.355782,39.86659
首都医科大学附属复兴医院,综合医院,三级未定等,北京市（42家）,北京市,北京市北京市西城区复兴门外大街甲20号,010-88062068;010-88062035,百度地图,116.33991,39.905602
首都医科大学宣武医院,综合医院,三级甲等,北京市（42家）,北京市,北京市北京市西城区长椿街45号,010-63012835;010-83198899;010-83198370,百度地图,116.36238,39.89205
卫生部北京医院,综合医院,三级甲等,北京市（42家）,北京市,北京市北京市东城区大华路1号,010-85132266;010-85132114,百度地图,116.415069,39.903806
卫生部中日友好医院,综合医院,三级甲等,北京市（42家）,北京市,北京市北京市朝阳区樱花园东街2号,010-84205288;010-84205566,百度地图,116.426893,39.974095
中国医学科学院北京协和医院,综合医院,三级甲等,北京市（42家）,北京市,北京市北京市东城区帅府园1号,010-69156699,百度地图,116.41577,39.912757
中国医学科学院阜外心血管病医院,专科医院,三级甲等,北京市（42家）,北京市,北京市北京市西城区北礼士路167号,010-88398866;010-88322674,百度地图,116.351256,39.925325
中国医学科学院整形外科医院,专科医院,三级甲等,北京市（42家）,北京市,北京市北京市石景山区八大处路33号(近北京射击场),010-88772233;010-88964180,百度地图,116.198923,39.942586
中国医学科学院肿瘤医院,专科医院,三级甲等,北京市（42家）,北京市,北京市北京市朝阳区潘家园南里17号,010-67781331,百度地图,116.446803,39.872981
泰达国际心血管病医院,专科医院,三级甲等,天津市（29家）,天津市,天津市天津市滨海新区第三大街61号,022-65208888,百度地图,117.714463,39.028369
天津市安定医院,专科医院,三级乙等,天津市（29家）,天津市,天津市天津市河西区柳林路13号,022-88188881;022-88188818,百度地图,117.28346,39.074967
天津市宝坻区人民医院,综合医院,三级乙等,天津市（29家）,天津市,天津市天津市宝坻区广川路8号,022-29262265;022-29241553;022-29241522,百度地图,117.307691,39.718834
天津市传染病医院,专科医院,三级甲等,天津市（29家）,天津市,天津市天津市南开区苏堤南路75号,022-27468165;022-27468102,百度地图,117.151612,39.113663
天津市第三医院,综合医院,三级乙等,天津市（29家）,天津市,天津市天津市河北区江都路24号,022-23140817;022-24342784;022-24344746,百度地图,117.239568,39.152575
天津市第三中心医院,综合医院,三级甲等,天津市（29家）,天津市,天津市天津市河东区津塘路83号,022-24315660,百度地图,117.24926,39.110205
天津市第四中心医院,综合医院,三级乙等,天津市（29家）,天津市,天津市天津市河北区中山路1-3号,022-26249121,百度地图,117.208595,39.163929
天津市第五中心医院,综合医院,三级乙等,天津市（29家）,天津市,天津市天津市滨海新区浙江路41号,022-65665555;022-25303344;4006120990,百度地图,117.64706,39.015729
天津市第一中心医院,综合医院,三级甲等,天津市（29家）,天津市,天津市天津市南开区复康路24号,022-23626048;022-23626789,百度地图,117.151896,39.101052
天津市儿童医院,专科医院,三级甲等,天津市（29家）,天津市,天津市天津市北辰区龙岩道238号,022-87787101,百度地图,117.113702,39.20769
天津市海河医院,综合医院,三级乙等,天津市（29家）,天津市,天津市天津市津南区津沽公路890号,022-58830196;022-83523075,百度地图,117.321951,39.043092
天津市环湖医院,综合医院,三级甲等,天津市（29家）,天津市,天津市天津市津南区吉兆路6号,022-59065732,百度地图,117.292629,39.072524
天津市蓟县人民医院,综合医院,三级乙等,天津市（29家）,天津市,天津市天津市蓟州区南环路18号,022-60111201,百度地图,117.435531,40.036021
天津市静海县医院,综合医院,三级乙等,天津市（29家）,天津市,天津市天津市静海区胜利南路14号,022-28942928,百度地图,116.924695,38.926442
天津市口腔医院,专科医院,三级甲等,天津市（29家）,天津市,天津市天津市和平区大沽北路75号,022-59080789;022-27125033,百度地图,117.206134,39.127882
天津市人民医院,综合医院,三级甲等,天津市（29家）,天津市,天津市天津市红桥区芥园道190号,022-87729595;022-87557013,百度地图,117.147277,39.147520
天津市天和医院,综合医院,三级乙等,天津市（29家）,天津市,天津市天津市河西区解放南路406号,022-60910422;022-28332917,百度地图,117.230818,39.093101
天津市天津医院,综合医院,三级甲等,天津市（29家）,天津市,天津市天津市河西区解放南路406号,022-60910422;022-28332917,百度地图,117.230818,39.093101
天津市胸科医院,专科医院,三级甲等,天津市（29家）,天津市,天津市天津市津南区台儿庄南路261号,022-88185111,百度地图,117.293941,39.074549
天津市眼科医院,专科医院,三级甲等,天津市（29家）,天津市,天津市天津市和平区甘肃路4号,022-27305083;022-27313336,百度地图,117.18508,39.124452
天津市中心妇产科医院,专科医院,三级甲等,天津市（29家）,天津市,天津市天津市南开区南开三马路156号,022-58287742;022-58287388,百度地图,117.172591,39.12678
天津医科大学代谢病医院,专科医院,三级乙等,天津市（29家）,天津市,天津市天津市和平区同安道66号,022-23333226;022-23333279,百度地图,117.183532,39.104963
天津医科大学第二医院,综合医院,三级甲等,天津市（29家）,天津市,天津市天津市河西区平江道23号,022-28331788,百度地图,117.220262,39.082786
天津医科大学口腔医院,专科医院,三级甲等,天津市（29家）,天津市,天津市天津市和平区新兴街气象台路12号,022-23348739;022-23332010,百度地图,117.185282,39.104847
天津医科大学总医院,综合医院,三级甲等,天津市（29家）,天津市,天津市天津市和平区鞍山道154号,022-60362255,百度地图,117.184632,39.117359
中国医学科学院血液病医院(血液学研究所),专科医院,三级甲等,天津市（29家）,天津市,天津市天津市和平区南京路288,022-23909083;022-23909999,百度地图,117.183034,39.121565
保定市第二医院,综合医院,三级甲等,河北省（42家）,河北省,河北省保定市竞秀区东风西路338号,0312-3026666;0312-3099799;0312-3099600,百度地图,115.45942,38.872556
保定市第一中心医院,综合医院,三级甲等,河北省（42家）,河北省,河北省保定市莲池区长城北大街320号,0312-5023632;0312-5976500,百度地图,115.512162,38.873616
保定涿州市医院,综合医院,三级甲等,河北省（42家）,河北省,河北省保定市涿州市范阳西路129号,0312-5521000,百度地图,115.976429,39.485934
沧州市人民医院,综合医院,三级甲等,河北省（42家）,河北省,河北省沧州市新华区清池大道13号,0317-3521908;0317-3521024,百度地图,116.86423,38.315193
沧州市中西医结合医院,中西医结合医院,三级甲等,河北省（42家）,河北省,河北省沧州市运河区黄河路31号,0317-2078603;0317-2078600;0317-2078416,百度地图,116.835444,38.293704
沧州市中心医院,综合医院,三级甲等,河北省（42家）,河北省,河北省沧州市运河区新华西路16号,0317-2075685;0317-2075627,百度地图,116.846242,38.312216
承德市中心医院,综合医院,三级甲等,河北省（42家）,河北省,河北省承德市双桥区西大街广仁路11号,0314-2022468;0314-2024428;0314-2020610,百度地图,117.932678,40.981997
承德医学院附属医院,综合医院,三级甲等,河北省（42家）,河北省,河北省承德市双桥区南营子大街36号,0314-2279312,百度地图,117.935144,40.969904
邯郸市第一医院,综合医院,三级甲等,河北省（42家）,河北省,河北省邯郸市丛台区丛台路25号,0310-3023547;0310-8635116;0310-3026971,百度地图,114.49102,36.619154
邯郸市中西医结合医院,中西医结合医院,三级乙等,河北省（42家）,河北省,河北省邯郸市邯山区陵园路399号,0310-8635812;0310-8635816,百度地图,114.538181,36.588918
邯郸市中心医院,综合医院,三级甲等,河北省（42家）,河北省,河北省邯郸市邯山区中华南大街15号,0310-3030120;0310-2118120;0310-3022736,百度地图,114.491481,36.600414
河北北方学院附属第一医院,综合医院,三级甲等,河北省（42家）,河北省,河北省张家口市桥西区长青路12号,0313-8043515;0313-8046973;0313-8043535,百度地图,114.889881,40.827642
河北大学附属医院,综合医院,三级甲等,河北省（42家）,河北省,河北省保定市莲池区裕华东路212号,0312-5981818;0312-5981555,百度地图,115.514883,38.854161
河北省儿童医院,专科医院,三级甲等,河北省（42家）,河北省,河北省石家庄市裕华区建华南大街133号,0311-85911234,百度地图,114.547557,38.034994
河北省民政总医院,综合医院,三级未定等,河北省（42家）,河北省,河北省邢台市桥西区泉南西大街293号,0319-2293342;0319-2291111,百度地图,114.475201,37.083629
河北省人民医院,综合医院,三级甲等,河北省（42家）,河北省,河北省石家庄市新华区和平西路348号,0311-85988120;0311-85989696,百度地图,114.465739,38.058402
河北省胸科医院,专科疾病防治院,三级未定等,河北省（42家）,河北省,河北省石家庄市长安区跃进街道胜利北街372号,0311-86839076;0311-86916191;4006323120,百度地图,114.518624,38.089096
河北燕达医院,综合医院,三级未定等,河北省（42家）,河北省,河北省廊坊市三河市思菩兰路6号,0316-3306999;4008982010;4008981120,百度地图,116.790389,39.936322
河北医科大学第二医院,综合医院,三级甲等,河北省（42家）,河北省,河北省石家庄市新华区和平西路215号,0311-66002120;0311-87046901,百度地图,114.48213,38.058071
河北医科大学第三医院,综合医院,三级甲等,河北省（42家）,河北省,河北省石家庄市桥西区自强路139号,0311-88603628;0311-87027951,百度地图,114.467945,38.04073
河北医科大学第四医院,综合医院,三级甲等,河北省（42家）,河北省,河北省石家庄市长安区健康路12号,0311-86095588;0311-86033941,百度地图,114.508883,38.049593
河北医科大学第一医院,综合医院,三级甲等,河北省（42家）,河北省,河北省石家庄市裕华区东岗路89号,0311-85917000;0311-85917069,百度地图,114.552958,38.01709
衡水市第四人民医院,综合医院,三级乙等,河北省（42家）,河北省,河北省衡水市桃城区新华西路485号,0318-2173754,百度地图,115.676455,37.739324
衡水市人民医院,综合医院,三级甲等,河北省（42家）,河北省,河北省衡水市桃城区人民中路180号,0318-2181234;0318-2123835;0318-2186969,百度地图,115.693459,37.731394
华北石油管理局总医院,综合医院,三级甲等,河北省（42家）,河北省,河北省沧州市任丘市会战道,0317-2712449;0317-2727302;0317-2723053,百度地图,116.098113,38.688497
冀中能源峰峰集团有限公司总医院,综合医院,三级甲等,河北省（42家）,河北省,河北省邯郸市峰峰矿区鼓山南街2号,0310-5285336;0310-7735228,百度地图,114.206958,36.419383
开滦总医院,综合医院,三级甲等,河北省（42家）,河北省,河北省唐山市路北区新华东道57号,0315-3025987;0315-2830032,百度地图,118.199229,39.62539
廊坊市人民医院,综合医院,三级甲等,河北省（42家）,河北省,河北省廊坊市广阳区新华路37号,0316-2013273,百度地图,116.710102,39.517292
秦皇岛市第二医院,综合医院,三级未定等,河北省（42家）,河北省,河北省秦皇岛市昌黎县朝阳南街133号,0335-2222222;0335-2989352,百度地图,119.169715,39.711225
秦皇岛市第一医院,综合医院,三级甲等,河北省（42家）,河北省,河北省秦皇岛市海港区文化路258号,0335-3032042,百度地图,119.600801,39.938567
石家庄市第四医院,专科医院,三级甲等,河北省（42家）,河北省,河北省石家庄市长安区中山东路216号,0311-85281699,百度地图,114.513333,38.042478
石家庄市第五医院,专科医院,三级未定等,河北省（42家）,河北省,河北省石家庄市裕华区塔南路42号,0311-85925666;0311-85925600,百度地图,114.509342,38.004458
石家庄市第一医院,综合医院,三级甲等,河北省（42家）,河北省,河北省石家庄市长安区范西路36号,0311-86919998,百度地图,114.514835,38.038413
唐山市工人医院,综合医院,三级甲等,河北省（42家）,河北省,河北省唐山市路北区文化路27号,0315-2821821;0315-3722726;0315-2821831,百度地图,118.186108,39.628605
唐山市人民医院,综合医院,三级甲等,河北省（42家）,河北省,河北省唐山市路南区胜利路65号,0315-2861200;0315-2865148,百度地图,118.212719,39.619504
刑台医学高等专科学校第二附属医院,综合医院,三级未定等,河北省（42家）,河北省,河北省邢台市桥西区钢铁北路618号,0319-2279660;0319-2201999;0319-2233192,百度地图,114.462122,37.091084
邢台市第三医院,综合医院,三级未定等,河北省（42家）,河北省,河北省邢台市桥西区钢铁北路108号,0319-2624466;0319-2123052,百度地图,114.463524,37.064795
邢台市人民医院,综合医院,三级甲等,河北省（42家）,河北省,河北省邢台市桥东区红星街16号,0319-3286194;0319-3286269,百度地图,114.499991,37.069468
大同煤矿集团有限责任公司总医院,综合医院,三级甲等,山西省（40家）,山西省,山西省大同市矿区新平旺纬七路1号,0352-7028338;0352-7014967;0352-7028331,百度地图,113.167377,40.040327
大同市第三人民医院,综合医院,三级甲等,山西省（40家）,山西省,山西省大同市城区文昌街1号,0352-5556001;0352-5556114,百度地图,113.28774,40.075041
大同市第五人民医院,综合医院,三级甲等,山西省（40家）,山西省,山西省大同市南郊区文兴路北段,0352-2389265;0352-2389114,百度地图,113.34269,40.086803
大同市第一人民医院,综合医院,三级乙等,山西省（40家）,山西省,山西省大同市南郊区恒安街7号,0352-6249114;0352-6249120,百度地图,113.347453,40.073491
侯马市人民医院,综合医院,三级乙等,山西省（40家）,山西省,山西省临汾市侯马市侯马市浍滨街1号东院新田路34号,0357-4218910,百度地图,111.378444,35.618093
晋中市第二人民医院,综合医院,三级乙等,山西省（40家）,山西省,山西省晋中市太谷县康复路70号,0354-6226120,百度地图,112.545647,37.422818
临汾市第四人民医院,综合医院,三级甲等,山西省（40家）,山西省,山西省临汾市尧都区平阳北街101号,0357-3323137;0357-3333120,百度地图,111.532347,36.089127
吕梁市人民医院,综合医院,三级甲等,山西省（40家）,山西省,山西省吕梁市离石区滨河北中路275号,0358-8245250;0358-8245004,百度地图,111.142619,37.5245
山西省儿童医院,专科医院,三级甲等,山西省（40家）,山西省,山西省太原市杏花岭区新民北街13号,0351-3360320;0351-3361527;0351-3361691,百度地图,112.573162,37.880215
山西省汾阳医院,综合医院,三级甲等,山西省（40家）,山西省,山西省吕梁市汾阳市胜利西街186号,0358-7222225,百度地图,111.786956,37.272405
山西省晋城市人民医院,综合医院,三级甲等,山西省（40家）,山西省,山西省晋城市城区钟家庄文昌东街456号,0356-2065164;0356-2024091,百度地图,112.860453,35.48373
山西省人民医院,综合医院,三级甲等,山西省（40家）,山西省,山西省太原市迎泽区双塔寺街29号,0351-4960081;0351-4960126;0351-4960130,百度地图,112.577719,37.846989
山西省荣军精神康宁医院,专科医院,三级甲等,山西省（40家）,山西省,山西省晋中市太谷县箕城西街5号,0354-6223264;0354-6223189,百度地图,112.545468,37.420538
山西省心血管病医院,专科医院,三级甲等,山西省（40家）,山西省,山西省太原市万柏林区漪汾街18号,0351-6165120;0351-5661145,百度地图,112.525048,37.872529
山西省眼科医院,专科医院,三级甲等,山西省（40家）,山西省,山西省太原市杏花岭区府东街100号,0351-2028215,百度地图,112.563633,37.872352
山西省运城市中心医院,综合医院,三级甲等,山西省（40家）,山西省,山西省运城市盐湖区河东东街3690号,0359-6396212,百度地图,111.035044,35.034097
山西省长治市第二人民医院,综合医院,三级乙等,山西省（40家）,山西省,山西省长治市城区和平西街82号,0355-3126120;0355-3126008,百度地图,113.099714,36.172603
山西省长治市人民医院,综合医院,三级甲等,山西省（40家）,山西省,山西省长治市城区长兴中路502号,0355-2024990,百度地图,113.118346,36.187126
山西省职业病医院,专科医院,三级甲等,山西省（40家）,山西省,山西省太原市迎泽区寇庄西路9号,0351-7241735,百度地图,112.556509,37.843295
山西省肿瘤医院,专科医院,三级甲等,山西省（40家）,山西省,山西省太原市杏花岭区职工新街3号,0351-4881611;0351-4651727,百度地图,112.599221,37.887706
山西医科大学第二医院,综合医院,三级甲等,山西省（40家）,山西省,山西省太原市杏花岭区五一路382号,0351-3074231;0351-3362626;0351-3366120,百度地图,112.576034,37.878895
山西医科大学第一医院,综合医院,三级甲等,山西省（40家）,山西省,山西省太原市迎泽区解放南路85号,0351-4639114;0351-4044111,百度地图,112.555388,37.853338
太原市第三人民医院(太原市传染病医院),专科医院,三级甲等,山西省（40家）,山西省,山西省太原市迎泽区双塔西街65号,0351-7595011;0351-7595009,百度地图,112.553419,37.846522
太原市第四人民医院,专科医院,三级甲等,山西省（40家）,山西省,山西省太原市万柏林区西矿街231号,0351-6142003;0351-6124621,百度地图,112.472709,37.86144
太原市中心医院,综合医院,三级甲等,山西省（40家）,山西省,山西省太原市杏花岭区东三道巷5号,0351-5656221;0351-3364461,百度地图,112.565084,37.885023
西山煤电（集团）有限责任公司职工总医院,综合医院,三级乙等,山西省（40家）,山西省,山西省太原市万柏林区南寒街道太白东巷15号,0351-6123075,百度地图,112.453738,37.849359
忻州市人民医院,综合医院,三级甲等,山西省（40家）,山西省,山西省忻州市忻府区建设北路与杏林街路口,0350-2020700;0350-3095001,百度地图,112.724008,38.446278
阳泉市第三人民医院,综合医院,三级乙等,山西省（40家）,山西省,山西省阳泉市城区南山南路31号,0353-3033019;0353-3033120,百度地图,113.578475,37.851672
阳泉市第一人民医院,综合医院,三级甲等,山西省（40家）,山西省,山西省阳泉市城区南大街167号,0353-3030018,百度地图,113.590562,37.854686
长治医学院附属和济医院,综合医院,三级甲等,山西省（40家）,山西省,山西省长治市城区太行东街271号,0355-2093925;0355-2093269;0355-2093066,百度地图,113.137152,36.201534
长治医学院附属和平医院,综合医院,三级甲等,山西省（40家）,山西省,山西省长治市城区延安南路110号,0355-3128458,百度地图,113.115468,36.169814
巴彦淖尔市医院,综合医院,三级乙等,内蒙古自治区（35家）,内蒙古自治区,内蒙古自治区巴彦淖尔市临河区布和路与曙光街交叉口西200米,0478-8412222;0478-8281111,百度地图,107.385177,40.728695
包头市第四医院,综合医院,三级其他,内蒙古自治区（35家）,内蒙古自治区,内蒙古自治区包头市青山区哈达道与敖根道交叉口东南150米,0472-3103406;0472-3103127,百度地图,109.884942,40.667578
包头市中心医院,综合医院,三级甲等,内蒙古自治区（35家）,内蒙古自治区,内蒙古自治区包头市东河区环城路61号,0472-6955333;0472-4172299,百度地图,110.01943,40.585248
赤峰市第二医院,综合医院,三级未定等,内蒙古自治区（35家）,内蒙古自治区,内蒙古自治区赤峰市红山区长青街中段路北1号,0476-8227717,百度地图,118.968414,42.272728
赤峰市医院,综合医院,三级甲等,内蒙古自治区（35家）,内蒙古自治区,内蒙古自治区赤峰市红山区昭乌达路中段1号,0476-8331476;0476-8338591,百度地图,118.953822,42.269749
赤峰学院附属医院,综合医院,三级乙等,内蒙古自治区（35家）,内蒙古自治区,内蒙古自治区赤峰市松山区新城王府大街42号,0476-5973197;0476-5973311,百度地图,118.878123,42.261459
鄂尔多斯市蒙医医院,民族医院,三级乙等,内蒙古自治区（35家）,内蒙古自治区,内蒙古自治区鄂尔多斯市康巴什区康惠路与康宁路交汇处西北侧50米,0477-8390349,百度地图,109.801135,39.61374
鄂尔多斯市中心医院,综合医院,三级甲等,内蒙古自治区（35家）,内蒙古自治区,内蒙古自治区鄂尔多斯市东胜区伊金霍洛西街23号,0477-8367169;0477-8363158,百度地图,109.996535,39.818008
呼和浩特第二医院,专科医院,三级乙等,内蒙古自治区（35家）,内蒙古自治区,内蒙古自治区呼和浩特市玉泉区石羊桥南路五里营1号,0471-5968710;0471-5969300,百度地图,111.672292,40.782331
呼和浩特第一医院,综合医院,三级乙等,内蒙古自治区（35家）,内蒙古自治区,内蒙古自治区呼和浩特市玉泉区南二环路150号,0471-5281222;0471-5281235;0471-5281177,百度地图,111.659486,40.776576
呼伦贝尔市人民医院,综合医院,三级乙等,内蒙古自治区（35家）,内蒙古自治区,内蒙古自治区呼伦贝尔市海拉尔区胜利大街20号(成吉思汗广场对面),0470-3997143,百度地图,119.772786,49.211418
内蒙古包钢医院,综合医院,三级甲等,内蒙古自治区（35家）,内蒙古自治区,内蒙古自治区包头市昆都仑区少先路20号,0472-5992834,百度地图,109.824657,40.652151
内蒙古北方重工业集团有限公司医院,综合医院,三级其他,内蒙古自治区（35家）,内蒙古自治区,内蒙古自治区包头市青山区团结大街16号,0472-5231111;0472-5231566,百度地图,109.856523,40.667222
内蒙古科技大学包头医学院第二附属医院,综合医院,三级乙等,内蒙古自治区（35家）,内蒙古自治区,内蒙古自治区包头市青山区呼得木林大街30号,0472-3169866;0472-3137733,百度地图,109.882774,40.661423
内蒙古林业总医院,综合医院,三级甲等,内蒙古自治区（35家）,内蒙古自治区,内蒙古自治区呼伦贝尔市牙克石市林城路,0470-7231114;0470-7303297,百度地图,120.737087,49.291516
内蒙古民族大学附属医院,综合医院,三级甲等,内蒙古自治区（35家）,内蒙古自治区,内蒙古自治区通辽市科尔沁区霍林河大街东段1742号,0475-8215822,百度地图,122.288251,43.62594
内蒙古医学院第二附属医院,综合医院,三级甲等,内蒙古自治区（35家）,内蒙古自治区,内蒙古自治区呼和浩特市回民区营坊道1号,0471-6351276;0471-6351295;0471-6351187,百度地图,111.661653,40.813449
内蒙古医学院附属医院,综合医院,三级甲等,内蒙古自治区（35家）,内蒙古自治区,内蒙古自治区呼和浩特市回民区通道北街1号,0471-6638042;0471-6636630,百度地图,111.657874,40.820292
内蒙古自治区第四医院,专科医院,三级其他,内蒙古自治区（35家）,内蒙古自治区,内蒙古自治区呼和浩特市新城区机场高速至110国道中段,0471-2318300;0471-4692815,百度地图,111.801127,40.869421
内蒙古自治区国际蒙医医院,民族医院,三级甲等,内蒙古自治区（35家）,内蒙古自治区,内蒙古自治区呼和浩特市赛罕区大学东街83号,0471-5182020,百度地图,111.727047,40.819791
内蒙古自治区精神卫生中心,专科医院,三级未定等,内蒙古自治区（35家）,内蒙古自治区,内蒙古自治区呼和浩特市新城区乌兰察布西街23号,0471-4935437,百度地图,111.697458,40.820929
内蒙古自治区人民医院,综合医院,三级甲等,内蒙古自治区（35家）,内蒙古自治区,内蒙古自治区呼和浩特市赛罕区昭乌达路20号,0471-6620000,百度地图,111.694169,40.816864
宁城县蒙医中医医院,民族医院,三级乙等,内蒙古自治区（35家）,内蒙古自治区,内蒙古自治区赤峰市宁城县天义镇铁西昌盛街,0476-4223606;0476-4263503,百度地图,119.330544,41.587472
宁城县医院,综合医院,三级未定等,内蒙古自治区（35家）,内蒙古自治区,内蒙古自治区赤峰市宁城县中京街宁城县医院,0476-4222177,百度地图,119.34398,41.598642
通辽市科尔沁区第一人民医院,综合医院,三级未定等,内蒙古自治区（35家）,内蒙古自治区,内蒙古自治区通辽市科尔沁区科尔沁大街98号,0475-8232510,百度地图,122.264083,43.611763
通辽市医院,综合医院,三级乙等,内蒙古自治区（35家）,内蒙古自治区,内蒙古自治区通辽市科尔沁区科尔沁大街668号,0475-8253355;0475-8196519,百度地图,122.276469,43.612558
乌海市人民医院,综合医院,三级其他,内蒙古自治区（35家）,内蒙古自治区,内蒙古自治区乌海市海勃湾区黄河东街29号,0473-2035347;0473-2044105,百度地图,106.82998,39.682325
锡林郭勒盟医院,综合医院,三级乙等,内蒙古自治区（35家）,内蒙古自治区,内蒙古自治区锡林郭勒盟锡林浩特市那达慕大街9号,0479-8223306,百度地图,116.083054,43.934967
兴安盟人民医院,综合医院,三级其他,内蒙古自治区（35家）,内蒙古自治区,内蒙古自治区兴安盟乌兰浩特市罕山西街,0482-8413848;0482-8413800,百度地图,122.034022,46.075705
鞍山钢铁集团公司总医院,综合医院,三级甲等,辽宁省（81家）,辽宁省,辽宁省鞍山市铁东区健身街3号,0412-6706320;0412-6313773,百度地图,123.011349,41.12036
鞍山市第三医院,综合医院,三级其他,辽宁省（81家）,辽宁省,辽宁省鞍山市立山区胜利北路320号,0412-6630721;0412-6612120,百度地图,123.027716,41.149198
鞍山市妇儿医院（第五医院）,专科医院,三级其他,辽宁省（81家）,辽宁省,辽宁省鞍山市铁西区铁西三道街115号,0412-8521576;0412-8522734,百度地图,122.975161,41.106215
鞍山市精神康复医院,专科医院,三级其他,辽宁省（81家）,辽宁省,辽宁省鞍山市立山区双山路深沟寺六区,0412-6457413;0412-6414419,百度地图,123.038318,41.122861
鞍山市康宁医院,专科医院,三级其他,辽宁省（81家）,辽宁省,辽宁省鞍山市千山区旧堡区唐家房子镇,0412-2957111,百度地图,122.998082,41.008184
鞍山市千山医院,专科医院,三级其他,辽宁省（81家）,辽宁省,辽宁省鞍山市铁西区解放西路138号,0412-8213363,百度地图,122.954851,41.101846
鞍山市长大医院,综合医院,三级其他,辽宁省（81家）,辽宁省,辽宁省鞍山市铁东区长大街69号,0412-6705450;0412-6705222,百度地图,122.988414,41.085505
鞍山市中心医院,综合医院,三级甲等,辽宁省（81家）,辽宁省,辽宁省鞍山市铁东区工农街51,0412-5930000;0412-5535948,百度地图,122.998357,41.103918
本溪钢铁（集团）总医院,综合医院,三级甲等,辽宁省（81家）,辽宁省,辽宁省本溪市平山区人民路29号,024-42215043;024-42215120;024-42843868,百度地图,123.765841,41.295987
本溪市金山医院,综合医院,三级乙等,辽宁省（81家）,辽宁省,辽宁省本溪市明山区矿院街16号,024-42175137;024-43880813,百度地图,123.781183,41.301299
本溪市中心医院,综合医院,三级甲等,辽宁省（81家）,辽宁省,辽宁省本溪市明山区胜利路29号,024-42890511,百度地图,123.770764,41.30181
朝阳市第二医院,综合医院,三级未定等,辽宁省（81家）,辽宁省,辽宁省朝阳市双塔区朝阳大街四段26号,0421-2917777;0421-2919764,百度地图,120.445621,41.564885
朝阳市中心医院,综合医院,三级甲等,辽宁省（81家）,辽宁省,辽宁省朝阳市双塔区朝阳大街二段6号,0421-2813893;0421-2815274,百度地图,120.456273,41.582017
大连大学附属新华医院,综合医院,三级甲等,辽宁省（81家）,辽宁省,辽宁省大连市沙河口区万岁街156号,0411-84314175;0411-84305057,百度地图,121.600525,38.901471
大连大学附属中山医院,综合医院,三级甲等,辽宁省（81家）,辽宁省,辽宁省大连市中山区解放街6号,0411-62893028;0411-62893015,百度地图,121.648595,38.916954
大连市第六人民医院,专科医院,三级未定等,辽宁省（81家）,辽宁省,辽宁省大连市甘井子区桧柏路269号,0411-39728666;0411-82718511,百度地图,121.621982,39.051538
大连市第七人民医院,专科医院,三级未定等,辽宁省（81家）,辽宁省,辽宁省大连市甘井子区凌水路179号,0411-84691871;0411-84671212,百度地图,121.522864,38.876117
大连市第三人民医院,综合医院,三级甲等,辽宁省（81家）,辽宁省,辽宁省大连市甘井子区千山路40号,0411-86507500;0411-82811728,百度地图,121.578369,38.980114
大连市儿童医院,专科医院,三级其他,辽宁省（81家）,辽宁省,辽宁省大连市西岗区中山路154号,0411-83682177;0411-83770088;0411-83770001,百度地图,121.628313,38.912372
大连市妇幼保健院（大连市妇产医院）,专科医院,三级其他,辽宁省（81家）,辽宁省,辽宁省大连市沙河口区敦煌路1号,0411-84552999;0411-84401818,百度地图,121.577299,38.934812
大连市皮肤病医院,专科医院,三级其他,辽宁省（81家）,辽宁省,辽宁省大连市沙河口区长江路788号,0411-39878737;0411-39878739,百度地图,121.601434,38.917517
大连市友谊医院,综合医院,三级甲等,辽宁省（81家）,辽宁省,辽宁省大连市中山区三八广场8号,0411-82718822;0411-82713281,百度地图,121.657016,38.921057
大连市中心医院,综合医院,三级甲等,辽宁省（81家）,辽宁省,辽宁省大连市沙河口区学工街42号,0411-84412001;0411-84438998,百度地图,121.576281,38.935751
大连医科大学附属第二医院,综合医院,三级甲等,辽宁省（81家）,辽宁省,辽宁省大连市沙河口区中山路467号,0411-84671291;0411-84671619,百度地图,121.570355,38.882685
大连医科大学附属第一医院,综合医院,三级甲等,辽宁省（81家）,辽宁省,辽宁省大连市西岗区中山路222号,0411-83635963;0411-83633415;0411-83635025,百度地图,121.611821,38.910102
丹东市第一医院,综合医院,三级甲等,辽宁省（81家）,辽宁省,辽宁省丹东市元宝区金汤街7号,0415-2819133;0415-2814113;0415-2815435,百度地图,124.397294,40.134358
丹东市人民医院,综合医院,三级未定等,辽宁省（81家）,辽宁省,辽宁省丹东市振兴区振八街8-18号,0415-3162201;0415-3151052,百度地图,124.375471,40.124653
丹东市中心医院,综合医院,三级甲等,辽宁省（81家）,辽宁省,辽宁省丹东市振兴区人民街70号,0415-6163479;0415-6161187,百度地图,124.356264,40.101782
抚顺矿务局总医院,综合医院,三级甲等,辽宁省（81家）,辽宁省,辽宁省抚顺市新抚区中央大街24号,024-52533291;024-52534143;024-52640783,百度地图,123.907345,41.857601
抚顺煤矿脑科医院,专科医院,三级乙等,辽宁省（81家）,辽宁省,辽宁省抚顺市顺城区沈抚北路40号,024-56115631,百度地图,123.816444,41.880069
抚顺市传染病医院,专科医院,三级其他,辽宁省（81家）,辽宁省,辽宁省抚顺市顺城区沈抚北路25号,024-57102460,百度地图,123.84229,41.877106
抚顺市第二医院,综合医院,三级乙等,辽宁省（81家）,辽宁省,辽宁省抚顺市望花区丹东路东段61号,024-58336574,百度地图,123.796167,41.854543
抚顺市第三医院,综合医院,三级乙等,辽宁省（81家）,辽宁省,辽宁省抚顺市东洲区绥阳路28号,024-54630956,百度地图,124.049135,41.865964
抚顺市第五医院,专科医院,三级乙等,辽宁省（81家）,辽宁省,辽宁省抚顺市东洲区煤都路中段15号,024-54675031,百度地图,123.975785,41.839352
抚顺市中心医院,综合医院,三级甲等,辽宁省（81家）,辽宁省,辽宁省抚顺市顺城区新城路中段5号,024-57850632;024-57850515,百度地图,123.926583,41.882947
阜新市第二人民医院（阜新市妇产医院）,综合医院,三级未定等,辽宁省（81家）,辽宁省,辽宁省阜新市细河区迎宾大街61号,0418-2967070;0418-2263050,百度地图,121.627026,41.997697
阜新市中心医院,综合医院,三级甲等,辽宁省（81家）,辽宁省,辽宁省阜新市海州区中华路72号,0418-2837494;0418-2823347,百度地图,121.660298,42.015719
葫芦岛市中心医院,,三级甲等,辽宁省（81家）,辽宁省,辽宁省葫芦岛市连山区连山大街15号,0429-2613612;0429-2138200,百度地图,120.860692,40.760468
锦州市传染病医院,专科医院,三级其他,辽宁省（81家）,辽宁省,辽宁省锦州市凌河区中央大街与南京路交叉口东北200米附近,0416-3162435,百度地图,121.140448,41.108926
锦州市第二医院,综合医院,三级未定等,辽宁省（81家）,辽宁省,辽宁省锦州市凌河区南京路六段2号,0416-2812016;0416-2835443,百度地图,121.163485,41.11042
锦州市妇婴医院,,三级未定等,辽宁省（81家）,辽宁省,辽宁省锦州市古塔区解放路3段2号,0416-2323194,百度地图,121.129183,41.117226
锦州市康宁医院,专科医院,三级未定等,辽宁省（81家）,辽宁省,辽宁省锦州市凌河区百官屯417号,0416-3341700;0416-3341821,百度地图,121.236583,41.129904
锦州市中心医院,综合医院,三级甲等,辽宁省（81家）,辽宁省,辽宁省锦州市古塔区上海路二段51号,0416-2393030;0416-2393033;0416-2324152,百度地图,121.125394,41.120697
辽宁省金秋医院,综合医院,三级甲等,辽宁省（81家）,辽宁省,辽宁省沈阳市沈河区小南街317号,024-24810167;024-62784567,百度地图,123.451756,41.774984
辽宁省人民医院,综合医院,三级甲等,辽宁省（81家）,辽宁省,辽宁省沈阳市沈河区文艺路33号,024-24016001;024-24016002,百度地图,123.453402,41.776094
辽宁省肿瘤医院,专科医院,三级甲等,辽宁省（81家）,辽宁省,辽宁省沈阳市大东区小河沿路44号,024-31916684,百度地图,123.472901,41.793871
辽宁医学院附属第一医院,综合医院,三级甲等,辽宁省（81家）,辽宁省,辽宁省锦州市古塔区人民街五段2号,0416-4197394;0416-4197061;0416-4197235,百度地图,121.130075,41.134959
辽阳市第三人民医院,综合医院,三级未定等,辽宁省（81家）,辽宁省,辽宁省辽阳市白塔区青年大街84号,0419-4129180,百度地图,123.189914,41.255059
辽阳市中心医院,综合医院,三级甲等,辽宁省（81家）,辽宁省,辽宁省辽阳市白塔区中华大街二段148号,0419-3224406;0419-3226224,百度地图,123.182861,41.274377
盘锦辽河油田总医院,,三级甲等,辽宁省（81家）,辽宁省,辽宁省盘锦市兴隆台区迎宾路26号,0427-7650589;0427-7650517,百度地图,122.084346,41.130217
盘锦市第二人民医院,,三级甲等,辽宁省（81家）,辽宁省,辽宁省盘锦市大洼区金源街92号,0427-6859105,百度地图,122.073423,40.988668
沈阳二四二医院,综合医院,三级未定等,辽宁省（81家）,辽宁省,辽宁省沈阳市皇姑区乐山路3号,024-86597025;024-86598242;024-86597055,百度地图,123.422396,41.865444
沈阳市第六人民医院,专科医院,三级未定等,辽宁省（81家）,辽宁省,辽宁省沈阳市和平区和平南大街85号,024-23389187;024-23387410,百度地图,123.401619,41.772005
沈阳市第五人民医院,综合医院,三级甲等,辽宁省（81家）,辽宁省,辽宁省沈阳市铁西区兴顺街188号,024-25403783;024-25404590,百度地图,123.353342,41.788289
沈阳市第一人民医院,综合医院,三级未定等,辽宁省（81家）,辽宁省,辽宁省沈阳市大东区清泉路69号,024-31956485;024-62138725,百度地图,123.46527,41.815691
沈阳市儿童医院,专科医院,三级其他,辽宁省（81家）,辽宁省,辽宁省沈阳市皇姑区崇山东路74号,024-86900347;024-86900157;024-88120120,百度地图,123.434076,41.833523
沈阳市妇婴医院,专科医院,三级其他,辽宁省（81家）,辽宁省,辽宁省沈阳市沈河区大南街87号,024-22853728,百度地图,123.460877,41.788582
沈阳市骨科医院,专科医院,三级其他,辽宁省（81家）,辽宁省,辽宁省沈阳市大东区东北大马路115号,024-31390799,百度地图,123.483317,41.820746
沈阳市红十字会医院,综合医院,三级未定等,辽宁省（81家）,辽宁省,辽宁省沈阳市沈河区中山路389号,024-22942012;024-22903566,百度地图,123.437937,41.799453
沈阳市精神卫生中心,专科医院,三级其他,辽宁省（81家）,辽宁省,辽宁省沈阳市浑南区金帆中路12号,024-23813000;024-23505402,百度地图,123.492929,41.7417
沈阳市口腔医院,专科医院,三级其他,辽宁省（81家）,辽宁省,辽宁省沈阳市和平区中山路138号,024-22825854;024-22824457,百度地图,123.415803,41.798392
沈阳市胸科医院,专科医院,三级其他,辽宁省（81家）,辽宁省,辽宁省沈阳市大东区北海街11号,024-88323438,百度地图,123.472494,41.830772
沈阳维康医院,综合医院,三级未定等,辽宁省（81家）,辽宁省,辽宁省沈阳市铁西区兴华北街38号,024-85863136;024-25868986;15840156889,百度地图,123.373091,41.799347
沈阳医学院奉天医院,综合医院,三级甲等,辽宁省（81家）,辽宁省,辽宁省沈阳市铁西区南七西路5号,024-85715200;024-25704600,百度地图,123.341458,41.798386
铁法煤业（集团）总医院,综合医院,三级甲等,辽宁省（81家）,辽宁省,辽宁省铁岭市调兵山市振兴路88号,024-76835823,百度地图,123.540455,42.440544
铁岭市中心医院,,三级甲等,辽宁省（81家）,辽宁省,辽宁省铁岭市银州区岭东街18号,024-72213484;024-72213031;024-72213309,百度地图,123.867653,42.281719
营口市中心医院,综合医院,三级甲等,辽宁省（81家）,辽宁省,辽宁省营口市西市区金牛山大街西13号,0417-2955111;0417-2955333,百度地图,122.230757,40.659615
中国医科大学附属第四医院,综合医院,三级甲等,辽宁省（81家）,辽宁省,辽宁省沈阳市皇姑区崇山东路4号,024-62255001;024-62042027;024-62042067,百度地图,123.462297,41.834383
中国医科大学附属第一医院,综合医院,三级甲等,辽宁省（81家）,辽宁省,辽宁省沈阳市和平区南京北街155号,024-31821869,百度地图,123.411094,41.79536
中国医科大学附属第一医院鞍山医院,综合医院,三级其他,辽宁省（81家）,辽宁省,辽宁省鞍山市铁西区民主街166号,0412-8813788;0412-8814448,百度地图,122.960323,41.120512
中国医科大学附属口腔医院,专科医院,三级未定等,辽宁省（81家）,辽宁省,辽宁省沈阳市和平区南京北街117号,024-31329999;024-22891652,百度地图,123.412347,41.798145
中国医科大学附属盛京医院,综合医院,三级甲等,辽宁省（81家）,辽宁省,辽宁省沈阳市和平区三好街36号,024-23896615;024-23892620,百度地图,123.426285,41.773111
白山市中心医院,综合医院,三级乙等,吉林省（32家）,吉林省,吉林省白山市浑江区通江路19号,0439-3294500,百度地图,126.419098,41.939884
北华大学附属医院,,三级甲等,吉林省（32家）,吉林省,吉林省吉林市船营区解放中路12号,0432-62166000,百度地图,126.560542,43.844545
公主岭市妇幼保健院,,三级乙等,吉林省（32家）,吉林省,吉林省四平市公主岭市公伊路14号,0434-6214865,百度地图,124.83122,43.500662
公主岭市中心医院,,三级其他,吉林省（32家）,吉林省,吉林省四平市公主岭市公主东大街1120号,0434-6274643,百度地图,124.825984,43.509866
吉林大学第二医院,,三级甲等,吉林省（32家）,吉林省,吉林省长春市南关区自强街218号,0431-88796555;0431-88796888;0431-88796313;0431-88796122,百度地图,125.332609,43.887361
吉林大学第一医院,,三级甲等,吉林省（32家）,吉林省,吉林省长春市朝阳区新民大街71号,0431-88782222,百度地图,125.30516,43.8768
吉林大学口腔医院,,三级甲等,吉林省（32家）,吉林省,吉林省长春市朝阳区清华路1500号,0431-88975518;0431-85579567,百度地图,125.305577,43.870348
吉林大学中日联谊医院,,三级甲等,吉林省（32家）,吉林省,吉林省长春市二道区仙台大街126号,0431-84645407;0431-84995222;0431-84995114;0431-84995999,百度地图,125.379274,43.861752
吉林省妇幼保健院,,三级未定等,吉林省（32家）,吉林省,吉林省长春市朝阳区建政路1051号,0431-81869777;0431-81869702,百度地图,125.312874,43.885124
吉林省肝胆病医院,,三级甲等,吉林省（32家）,吉林省,吉林省长春市绿园区景阳大路2218号,0431-87688310;0431-87654120,百度地图,125.263495,43.882535
吉林省前卫医院,,三级其他,吉林省（32家）,吉林省,吉林省长春市朝阳区前进大街1445号,0431-81967958;0431-82218781,百度地图,125.288356,43.836933
吉林省人民医院,,三级甲等,吉林省（32家）,吉林省,吉林省长春市朝阳区工农大街1183号,0431-85595114;0431-85595488;0431-85595321,百度地图,125.298907,43.86874
吉林省肿瘤医院,,三级甲等,吉林省（32家）,吉林省,吉林省长春市朝阳区湖光路1018号,0431-85872600;0431-85872700;0431-85872628,百度地图,125.274743,43.843717
吉林市人民医院,综合医院,三级甲等,吉林省（32家）,吉林省,吉林省吉林市昌邑区中兴街36号,0432-62522527,百度地图,126.570726,43.862267
吉林市中心医院,综合医院,三级甲等,吉林省（32家）,吉林省,吉林省吉林市船营区南京街4号,0432-62167077;0432-62456181,百度地图,126.563512,43.841961
吉林医药学院附属医院,综合医院,三级甲等,吉林省（32家）,吉林省,吉林省吉林市丰满区华山路81号,0432-64560610;0432-64560692,百度地图,126.573617,43.829571
吉林油田总医院,,三级甲等,吉林省（32家）,吉林省,吉林省松原市宁江区沿江西路960号,0438-6259120;0438-6259018,百度地图,124.809209,45.145442
辽源市中心医院,综合医院,三级乙等,吉林省（32家）,吉林省,吉林省辽源市龙山区东吉大路558号,0437-3312339,百度地图,125.157716,42.899405
四平市第一人民医院,综合医院,三级乙等,吉林省（32家）,吉林省,吉林省四平市铁东区中央东路1728号,0434-3516110;0434-3539444,百度地图,124.396818,43.165006
四平市中心医院,,三级甲等,吉林省（32家）,吉林省,吉林省四平市铁西区南迎宾街89号,0434-3648075;0434-3648150,百度地图,124.358048,43.17777
松原市中心医院,综合医院,三级其他,吉林省（32家）,吉林省,吉林省松原市宁江区文化路1188号,0438-6620004;0438-6620005,百度地图,124.832941,45.171023
通化市中心医院,,三级乙等,吉林省（32家）,吉林省,吉林省通化市东昌区新光路176号,0435-3652939,百度地图,125.959465,41.73777
延边大学附属医院,,三级甲等,吉林省（32家）,吉林省,吉林省延边朝鲜族自治州延吉市局子街1327号,0433-2660009;0433-2660145;0433-2660020,百度地图,129.512709,42.913904
一汽总医院（吉林大学第四医院）,,三级甲等,吉林省（32家）,吉林省,吉林省长春市绿园区皓月大路3788号,0431-85976950,百度地图,125.246187,43.887742
长春市儿童医院,,三级甲等,吉林省（32家）,吉林省,吉林省长春市朝阳区北安路1321号,0431-89332088,百度地图,125.316216,43.894414
长春市妇产医院,,三级甲等,吉林省（32家）,吉林省,吉林省长春市南关区西五马路555号,0431-82903600;0431-82943333,百度地图,125.333417,43.896975
长春市人民医院,,三级其他,吉林省（32家）,吉林省,吉林省长春市宽城区南京大街728号,0431-86702342;0431-86702120,百度地图,125.331514,43.903137
长春市中心医院,,三级甲等,吉林省（32家）,吉林省,吉林省长春市南关区人民大街1810号,0431-88916232,百度地图,125.326037,43.892495
大庆龙南医院,综合医院,三级甲等,黑龙江省（51家）,黑龙江省,黑龙江省大庆市让胡路区爱国路35号,0459-5910095;0459-5989120,百度地图,124.895176,46.624389
大庆市第二医院,专科医院,三级未定等,黑龙江省（51家）,黑龙江省,黑龙江省大庆市红岗区解放一街29号,0459-5202636;0459-5202621,百度地图,125.002766,46.556388
大庆市第三医院,专科医院,三级甲等,黑龙江省（51家）,黑龙江省,黑龙江省大庆市让胡路区让杜路192号,0459-5595542,百度地图,124.856694,46.674543
大庆市第四医院,综合医院,三级未定等,黑龙江省（51家）,黑龙江省,黑龙江省大庆市让胡路区中央大街198号,0459-5595539;0459-5592350,百度地图,124.868549,46.640286
大庆市人民医院,综合医院,三级甲等,黑龙江省（51家）,黑龙江省,黑龙江省大庆市龙凤区建设路213号,0459-6612000;0459-6612100,百度地图,125.141599,46.580133
大庆油田总医院,综合医院,三级甲等,黑龙江省（51家）,黑龙江省,黑龙江省大庆市萨尔图区中康街9号,0459-5814338;0459-5805999;4000114120,百度地图,125.035694,46.597827
哈尔滨二四二医院,综合医院,三级甲等,黑龙江省（51家）,黑龙江省,黑龙江省哈尔滨市平房区友协大街134号,0451-86562054,百度地图,126.614788,45.604368
哈尔滨市传染病院,专科医院,三级未定等,黑龙江省（51家）,黑龙江省,黑龙江省哈尔滨市香坊区公滨路309号,0451-55602300;0451-55602412,百度地图,126.699956,45.732316
哈尔滨市第二医院,综合医院,三级未定等,黑龙江省（51家）,黑龙江省,黑龙江省哈尔滨市道外区卫星路38号,0451-55601200;0451-82403120,百度地图,126.694736,45.771207
哈尔滨市第四医院,综合医院,三级甲等,黑龙江省（51家）,黑龙江省,黑龙江省哈尔滨市道外区靖宇街119号,0451-88029999;0451-86424327,百度地图,126.654125,45.78976
哈尔滨市第五医院,综合医院,三级未定等,黑龙江省（51家）,黑龙江省,黑龙江省哈尔滨市香坊区健康路27号,0451-82870699,百度地图,126.656801,45.708856
哈尔滨市第一医院,综合医院,三级甲等,黑龙江省（51家）,黑龙江省,黑龙江省哈尔滨市道里区地段街151号,0451-51061811;0451-84883003,百度地图,126.62835,45.772981
哈尔滨市骨伤医院,专科医院,三级未定等,黑龙江省（51家）,黑龙江省,黑龙江省哈尔滨市南岗区西大直街214号,0451-83016111;0451-83016222,百度地图,126.623086,45.73981
哈尔滨市普宁医院,专科医院,三级未定等,黑龙江省（51家）,黑龙江省,黑龙江省哈尔滨市松北区松浦镇云台街1号,0451-88083413;0451-88083418,百度地图,126.61067,45.847895
哈尔滨市胸科医院,专科医院,三级未定等,黑龙江省（51家）,黑龙江省,黑龙江省哈尔滨市道外区先锋路417号(近黑龙江省急救中心),0451-55604000,百度地图,126.696561,45.769115
哈尔滨医科大学附属第二医院,综合医院,三级甲等,黑龙江省（51家）,黑龙江省,黑龙江省哈尔滨市南岗区保健路148号,0451-86662961;0451-86605612;0451-86605771,百度地图,126.621561,45.695096
哈尔滨医科大学附属第三医院,专科医院,三级甲等,黑龙江省（51家）,黑龙江省,黑龙江省哈尔滨市南岗区保健路街道哈平路150号,0451-86298000,百度地图,126.639885,45.696905
哈尔滨医科大学附属第四医院,综合医院,三级甲等,黑龙江省（51家）,黑龙江省,黑龙江省哈尔滨市南岗区颐园街37号(哈尔滨火车站斜对面),0451-82576999;0451-82576888,百度地图,126.637499,45.762955
哈尔滨医科大学附属第一医院,综合医院,三级甲等,黑龙江省（51家）,黑龙江省,黑龙江省哈尔滨市南岗区邮政街23号,0451-53641563;0451-85552984,百度地图,126.648679,45.767298
黑龙江省第三医院,专科医院,三级未定等,黑龙江省（51家）,黑龙江省,黑龙江省黑河市北安市北京路与西平安街交叉口附近,0456-6663512,百度地图,126.504917,48.247226
黑龙江省农垦红兴隆管理局中心医院,综合医院,三级甲等,黑龙江省（51家）,黑龙江省,黑龙江省双鸭山市友谊县学府路与文化街交叉口西100米,0469-5862410,百度地图,131.579343,46.719088
黑龙江省农垦九三管理局中心医院,综合医院,三级乙等,黑龙江省（51家）,黑龙江省,黑龙江省黑河市嫩江县农垦总局九三分局,0456-7893711;0456-7881427,百度地图,125.292812,48.875782
黑龙江省农垦总局总医院,综合医院,三级甲等,黑龙江省（51家）,黑龙江省,黑龙江省哈尔滨市南岗区哈双路235号,0451-55197721;0451-55197818;0451-55197802,百度地图,126.560119,45.682155
黑龙江省森工总医院,综合医院,三级甲等,黑龙江省（51家）,黑龙江省,黑龙江省哈尔滨市香坊区和兴路32号,0451-82130433;0451-82112449,百度地图,126.635127,45.725248
黑龙江省眼病防治研究所,医学专科研究所,三级未定等,黑龙江省（51家）,黑龙江省,黑龙江省哈尔滨市南岗区东大直街151号,0451-83029333,百度地图,126.653599,45.767226
黑龙江省医院,综合医院,三级甲等,黑龙江省（51家）,黑龙江省,黑龙江省哈尔滨市香坊区中山路82号,0451-88025555;0451-88025114,百度地图,126.672145,45.729534
鸡西矿业集团总医院,综合医院,三级甲等,黑龙江省（51家）,黑龙江省,黑龙江省鸡西市鸡冠区和平北大街198号,0467-2724620;0467-2350247,百度地图,130.964156,45.295143
鸡西市人民医院,综合医院,三级甲等,黑龙江省（51家）,黑龙江省,黑龙江省鸡西市鸡冠区兴国中路111号,0467-2655678;0467-2653671;0467-2682008,百度地图,130.984034,45.302757
佳木斯大学附属第三医院,专科医院,三级甲等,黑龙江省（51家）,黑龙江省,黑龙江省佳木斯市向阳区德祥街419号,0454-8673024,百度地图,130.359813,46.80386
佳木斯大学附属第一医院,综合医院,三级甲等,黑龙江省（51家）,黑龙江省,黑龙江省佳木斯市向阳区德祥街348,0454-8228887;0454-8623499;0454-8606120,百度地图,130.358234,46.804144
佳木斯市中心医院,综合医院,三级甲等,黑龙江省（51家）,黑龙江省,黑龙江省佳木斯市向阳区中山街256号,0454-8602019;0454-8222090,百度地图,130.366553,46.811117
牡丹江市妇女儿童医院,专科医院,三级甲等,黑龙江省（51家）,黑龙江省,黑龙江省牡丹江市西安区西三条路南市街307号,0453-6499938;0453-6499900,百度地图,129.61629,44.564886
牡丹江市康安医院,专科医院,三级甲等,黑龙江省（51家）,黑龙江省,黑龙江省牡丹江市爱民区西地明街38号,0453-6530500;0453-6522306,百度地图,129.584814,44.597184
牡丹江医学院第二附属医院,综合医院,三级甲等,黑龙江省（51家）,黑龙江省,黑龙江省牡丹江市爱民区东晓云街15号,0453-8820120,百度地图,129.602571,44.598921
牡丹江医学院红旗医院,综合医院,三级甲等,黑龙江省（51家）,黑龙江省,黑龙江省牡丹江市爱民区通乡路5号,0453-6602609;0453-6582800,百度地图,129.576906,44.604463
七台河市人民医院,综合医院,三级甲等,黑龙江省（51家）,黑龙江省,黑龙江省七台河市桃山区山湖路49号,0464-8669108;0464-8669109;0464-8263216,百度地图,131.00724,45.774718
齐齐哈尔市第一医院,综合医院,三级甲等,黑龙江省（51家）,黑龙江省,黑龙江省齐齐哈尔市龙沙区西二道街1号,0452-2425981,百度地图,123.950357,47.346857
齐齐哈尔医学院第二附属医院,综合医院,三级甲等,黑龙江省（51家）,黑龙江省,黑龙江省齐齐哈尔市建华区中华西路37号,0452-2739718;0452-2739962,百度地图,123.936679,47.356533
齐齐哈尔医学院第一附属医院,综合医院,三级甲等,黑龙江省（51家）,黑龙江省,黑龙江省齐齐哈尔市富拉尔基区向阳大街26号,0452-6867646;0452-6881062;0452-6882931,百度地图,123.649693,47.198151
齐齐哈尔医学院附属第三医院,综合医院,三级甲等,黑龙江省（51家）,黑龙江省,黑龙江省齐齐哈尔市铁锋区太顺街27号,0452-2697228;0452-2697214,百度地图,123.993687,47.346288
伊春林业管理局中心医院,综合医院,三级乙等,黑龙江省（51家）,黑龙江省,黑龙江省伊春市伊春区新兴西大街85号,0458-3765974;0458-3644303,百度地图,128.871517,47.716277
复旦大学附属儿科医院,专科医院,三级甲等,上海市（36家）,上海市,上海市上海市闵行区万源路399号(近顾戴路),021-62091255;021-64931990,百度地图,121.394957,31.139163
复旦大学附属妇产科医院,专科医院,三级甲等,上海市（36家）,上海市,上海市上海市黄浦区方斜路419号,021-57622811;021-65022556,百度地图,121.483226,31.213964
复旦大学附属华山医院,综合医院,三级甲等,上海市（36家）,上海市,上海市上海市静安区乌鲁木齐中路12号,021-52889999;021-62498522,百度地图,121.442947,31.216125
复旦大学附属金山医院,综合医院,三级乙等,上海市（36家）,上海市,上海市上海市金山区龙航路1508号,021-34189990,百度地图,121.328579,30.757035
复旦大学附属眼耳鼻喉科医院,专科医院,三级甲等,上海市（36家）,上海市,上海市上海市徐汇区宝庆路19号,021-64376425,百度地图,121.450369,31.210174
复旦大学附属中山医院,综合医院,三级甲等,上海市（36家）,上海市,上海市上海市徐汇区枫林路180号,021-52730167,百度地图,121.453841,31.197755
复旦大学附属中山医院青浦分院,综合医院,三级乙等,上海市（36家）,上海市,上海市上海市青浦区公园东路1158号,021-60518120;021-69719190;021-33862733,百度地图,121.137486,31.155458
复旦大学附属肿瘤医院,专科医院,三级甲等,上海市（36家）,上海市,上海市上海市徐汇区东安路270号,021-64175590,百度地图,121.453516,31.191115
华东医院,综合医院,三级甲等,上海市（36家）,上海市,上海市上海市静安区延安西路221号,021-62483180,百度地图,121.441547,31.218444
上海交通大学医学院附属第九人民医院,综合医院,三级甲等,上海市（36家）,上海市,上海市上海市黄浦区制造局路639号,021-23271699,百度地图,121.486391,31.202407
上海交通大学医学院附属第三人民医院,综合医院,三级乙等,上海市（36家）,上海市,上海市上海市宝山区漠河路280号,021-56691101;021-56690031,百度地图,121.477814,31.408556
上海交通大学医学院附属仁济医院,综合医院,三级甲等,上海市（36家）,上海市,上海市上海市浦东新区浦建路160号,021-58752345;021-61557239,百度地图,121.522361,31.206991
上海交通大学医学院附属瑞金医院,综合医院,三级甲等,上海市（36家）,上海市,上海市上海市黄浦区瑞金二路197号,021-64370045;021-52730683,百度地图,121.467613,31.21181
上海交通大学医学院附属上海儿童医学中心,专科医院,三级甲等,上海市（36家）,上海市,上海市上海市浦东新区东方路1678号,021-38626161,百度地图,121.522766,31.205712
上海交通大学医学院附属新华医院,综合医院,三级甲等,上海市（36家）,上海市,上海市上海市杨浦区控江路1665号,021-25078999;021-25078975,百度地图,121.517798,31.273252
上海交通大学医学院附属新华医院崇明分院,综合医院,三级乙等,上海市（36家）,上海市,上海市上海市崇明区崇明南门路25号,021-69692701;021-69692702,百度地图,121.398665,31.617353
上海市第六人民医院,综合医院,三级甲等,上海市（36家）,上海市,上海市上海市徐汇区宜山路600号,021-64369181;021-64701361,百度地图,121.422409,31.178401
上海市第十人民医院,综合医院,三级甲等,上海市（36家）,上海市,上海市上海市静安区延长中路301号,021-66300588;021-66303643,百度地图,121.453569,31.272109
上海市第五人民医院,综合医院,三级乙等,上海市（36家）,上海市,上海市上海市闵行区瑞丽路128号,021-64308151;021-24289000,百度地图,121.407499,31.00568
上海市第一妇婴保健院,专科医院,三级甲等,上海市（36家）,上海市,上海市上海市静安区长乐路536号,021-54035206,百度地图,121.45624,31.220283
上海市第一人民医院,综合医院,三级甲等,上海市（36家）,上海市,上海市上海市虹口区武进路85号,021-63240090;021-60524213,百度地图,121.489393,31.253389
上海市东方医院,综合医院,三级甲等,上海市（36家）,上海市,上海市上海市浦东新区即墨路150号,021-38804518,百度地图,121.512288,31.237604
上海市儿童医院,专科医院,三级甲等,上海市（36家）,上海市,上海市上海市静安区北京西路1400弄24号,021-62474880,百度地图,121.448301,31.229754
上海市肺科医院,专科医院,三级甲等,上海市（36家）,上海市,上海市上海市杨浦区政民路507号,021-65115006,百度地图,121.50192,31.30227
上海市奉贤区中心医院,综合医院,三级乙等,上海市（36家）,上海市,上海市上海市奉贤区南奉公路6600号,021-57421005;021-57420702,百度地图,121.506399,30.922374
上海市公共卫生临床中心,专科医院,三级甲等,上海市（36家）,上海市,上海市上海市金山区漕廊公路2901号,021-37990333,百度地图,121.33967,30.789834
上海市精神卫生中心,专科医院,三级甲等,上海市（36家）,上海市,上海市上海市徐汇区宛平南路600号,021-64387250,百度地图,121.448062,31.187294
上海市口腔病防治院,专科医院,三级未定等,上海市（36家）,上海市,上海市上海市黄浦区北京东路356号国华大楼2层,021-63509092;021-63236271,百度地图,121.483255,31.240513
上海市皮肤病医院,专科医院,三级未定等,上海市（36家）,上海市,上海市上海市长宁区武夷路196-200号,021-63808250;021-61833000,百度地图,121.426771,31.213208
上海市普陀区中心医院,综合医院,三级乙等,上海市（36家）,上海市,上海市上海市普陀区兰溪路164号,021-22233222;021-62572723,百度地图,121.404159,31.241527
上海市同济医院,综合医院,三级甲等,上海市（36家）,上海市,上海市上海市普陀区新村路389号,021-56051080;021-56050502;021-56069019,百度地图,121.431327,31.266763
上海市胸科医院,专科医院,三级甲等,上海市（36家）,上海市,上海市上海市徐汇区淮海西路241,021-22200000;021-62821990,百度地图,121.425929,31.197747
上海市杨浦区中心医院,综合医院,三级乙等,上海市（36家）,上海市,上海市上海市杨浦区腾越路450号,021-65690520,百度地图,121.550633,31.27156
同济大学附属口腔医院,专科医院,三级未定等,上海市（36家）,上海市,上海市上海市静安区延长中路399号,021-66315500,百度地图,121.452812,31.271208
中国福利会国际和平妇幼保健院,专科医院,三级甲等,上海市（36家）,上海市,上海市上海市徐汇区衡山路910,021-64072452,百度地图,121.438621,31.196175
常州市第二人民医院,综合医院,三级甲等,江苏省（53家）,江苏省,江苏省常州市天宁区兴隆巷29号,0519-88132769;0519-88104931;0519-81195767,百度地图,119.959949,31.774324
常州市第三人民医院,专科医院,三级未定等,江苏省（53家）,江苏省,江苏省常州市天宁区兰陵北路300号,0519-83016666;0519-86641590;0519-86696607,百度地图,119.943347,31.750462
常州市第一人民医院,综合医院,三级甲等,江苏省（53家）,江苏省,江苏省常州市天宁区局前街185号,0519-68870000,百度地图,119.961127,31.779405
东南大学附属中大医院,综合医院,三级甲等,江苏省（53家）,江苏省,江苏省南京市鼓楼区丁家桥87号,025-83272222;025-83272114,百度地图,118.776186,32.072313
淮安市第二人民医院,综合医院,三级乙等,江苏省（53家）,江苏省,江苏省淮安市清江浦区淮海南路62号,0517-80871636;0517-83516302,百度地图,119.029222,33.586532
淮安市第三人民医院,专科医院,三级乙等,江苏省（53家）,江苏省,江苏省淮安市清江浦区淮海西路272号,0517-80831959,百度地图,118.99621,33.598382
淮安市第一人民医院,综合医院,三级甲等,江苏省（53家）,江苏省,江苏省淮安市淮阴区北京西路6号,0517-84923364,百度地图,119.017629,33.623518
淮安市妇幼保健院,专科医院,三级甲等,江苏省（53家）,江苏省,江苏省淮安市清江浦区人民南路104号,0517-89893499;0517-83964729,百度地图,119.025705,33.583189
淮安市肿瘤医院,综合医院,三级乙等,江苏省（53家）,江苏省,江苏省淮安市淮安区镇淮楼东路161号,0517-85939125,百度地图,119.151516,33.503492
江苏大学附属医院,综合医院,三级甲等,江苏省（53家）,江苏省,江苏省镇江市京口区解放路438号,0511-85026832;0511-85029089;0511-85026079,百度地图,119.454736,32.213468
江苏省人民医院,综合医院,三级甲等,江苏省（53家）,江苏省,江苏省南京市鼓楼区广州路300号,025-83718836;025-83714511;025-83733043,百度地图,118.76722,32.049144
江苏省苏北人民医院,综合医院,三级甲等,江苏省（53家）,江苏省,江苏省扬州市广陵区南通西路98号,0514-87373114;0514-87373115;0514-87373113,百度地图,119.431482,32.385169
江苏省肿瘤医院,专科医院,三级甲等,江苏省（53家）,江苏省,江苏省南京市玄武区百子亭42号,025-83283597;025-83283312;025-83283598,百度地图,118.786299,32.068649
连云港市第一人民医院,综合医院,三级甲等,江苏省（53家）,江苏省,江苏省连云港市海州区通灌北路182号,0518-85605248;0518-85605190,百度地图,119.182452,34.605716
连云港市妇幼保健院,专科医院,三级甲等,江苏省（53家）,江苏省,江苏省连云港市海州区苍梧路10号,0518-85804204;0518-85826320;0518-85820018;0518-85805751,百度地图,119.192311,34.597648
南京爱尔眼科医院,专科医院,三级未定等,江苏省（53家）,江苏省,江苏省南京市秦淮区仙鹤街100号,025-68590120;4008553656,百度地图,118.775633,32.024668
南京脑科医院,专科医院,三级甲等,江苏省（53家）,江苏省,江苏省南京市鼓楼区广州路264号,025-82296000;025-82296409,百度地图,118.768504,32.05027
南京市第二医院,专科医院,三级甲等,江苏省（53家）,江苏省,江苏省南京市鼓楼区钟阜路1-1号,025-83626000,百度地图,118.768149,32.088876
南京市第一医院,综合医院,三级甲等,江苏省（53家）,江苏省,江苏省南京市秦淮区长乐路68号,025-52271000;025-52271108,百度地图,118.784251,32.017248
南京市儿童医院,专科医院,三级甲等,江苏省（53家）,江苏省,江苏省南京市鼓楼区广州路72号,025-83117500,百度地图,118.779369,32.050753
南京市妇幼保健院,专科医院,三级甲等,江苏省（53家）,江苏省,江苏省南京市秦淮区莫愁路天妃巷123号,025-52226777,百度地图,118.776826,32.040059
南京市鼓楼医院,综合医院,三级甲等,江苏省（53家）,江苏省,江苏省南京市鼓楼区中山路321号,025-83106666;025-83304616,百度地图,118.783043,32.056134
南京市口腔医院,专科医院,三级甲等,江苏省（53家）,江苏省,江苏省南京市玄武区中央路30号,025-83620362;025-83620350;025-83620190,百度地图,118.784744,32.061737
南京医科大学第二附属医院,综合医院,三级甲等,江苏省（53家）,江苏省,江苏省南京市鼓楼区姜家园121号,025-58509900;025-58509990,百度地图,118.745235,32.080824
南京医科大学附属口腔医院,专科医院,三级甲等,江苏省（53家）,江苏省,江苏省南京市玄武区东苑路26号,025-84272786,百度地图,118.844549,32.025498
南京医科大学眼科医院,专科医院,三级未定等,江苏省（53家）,江苏省,江苏省南京市鼓楼区汉中路138号,025-86677777;025-86677702,百度地图,118.774974,32.043083
南通大学附属医院,综合医院,三级甲等,江苏省（53家）,江苏省,江苏省南通市崇川区西寺路20号,0513-85052504;0513-85052222,百度地图,120.865087,32.008048
南通市第三人民医院,专科医院,三级甲等,江苏省（53家）,江苏省,江苏省南通市崇川区青年中路60号,0513-85116000;0513-85512674;0513-85116123,百度地图,120.86612,32.003321
南通市第一人民医院,综合医院,三级甲等,江苏省（53家）,江苏省,江苏省南通市崇川区孩儿巷北路6号,0513-85061200;0513-85061051;0513-85061001,百度地图,120.85049,32.017585
南通市妇幼保健院,专科医院,三级乙等,江苏省（53家）,江苏省,江苏省南通市崇川区世纪大道399号,0513-59008112;0513-59008001;0513-59008099,百度地图,120.907185,31.979714
南通市肿瘤医院,专科医院,三级甲等,江苏省（53家）,江苏省,江苏省南通市通州区平潮镇通扬北路30号,0513-86712049;0513-86712006;8008288020,百度地图,120.749964,32.102445
苏州大学附属第一医院,综合医院,三级甲等,江苏省（53家）,江苏省,江苏省苏州市姑苏区十梓街188号,0512-65223637,百度地图,120.634209,31.304143
苏州大学附属儿童医院,专科医院,三级甲等,江苏省（53家）,江苏省,江苏省苏州市吴中区钟南街92号,0512-80693588;0512-80691107,百度地图,120.758716,31.310468
苏州市第五人民医院,专科医院,三级乙等,江苏省（53家）,江苏省,江苏省苏州市相城区广前路10号,0512-87806010,百度地图,120.667448,31.390581
苏州市立医院,综合医院,三级乙等,江苏省（53家）,江苏省,江苏省苏州市姑苏区道前街26号,0512-62362266;0512-69009090,百度地图,120.621206,31.301948
泰州市人民医院,综合医院,三级甲等,江苏省（53家）,江苏省,江苏省泰州市海陵区迎春东路210号,0523-86361511;0523-86361468,百度地图,119.918545,32.485076
无锡市第二人民医院,综合医院,三级甲等,江苏省（53家）,江苏省,江苏省无锡市梁溪区中山路68号,0510-68563100;0510-68562222,百度地图,120.305695,31.569145
无锡市第四人民医院,综合医院,三级甲等,江苏省（53家）,江苏省,江苏省无锡市滨湖区惠河路200号,0510-88682999,百度地图,120.268171,31.567673
无锡市妇幼保健院,专科医院,三级甲等,江苏省（53家）,江苏省,江苏省无锡市梁溪区槐树巷48号,0510-82725161;0510-82713324;0510-82725094,百度地图,120.306877,31.571591
无锡市精神卫生中心,专科医院,三级甲等,江苏省（53家）,江苏省,江苏省无锡市滨湖区钱荣路158号,0510-83012698;0510-83219337,百度地图,120.232294,31.59181
无锡市人民医院,综合医院,三级甲等,江苏省（53家）,江苏省,江苏省无锡市梁溪区清扬路299号,0510-82700775;0510-82700778,百度地图,120.322723,31.540762
宿迁市人民医院,综合医院,三级乙等,江苏省（53家）,江苏省,江苏省宿迁市宿城区黄河南路138号,0527-84239153;0527-84239234,百度地图,118.29758,33.945845
徐州市第一人民医院,综合医院,三级乙等,江苏省（53家）,江苏省,江苏省徐州市泉山区中山北路19号,0516-85803000;0516-85803080;0516-85803011,百度地图,117.184503,34.265483
徐州市中心医院,综合医院,三级甲等,江苏省（53家）,江苏省,江苏省徐州市泉山区解放南路199号,0516-83956013;0516-83956034,百度地图,117.194865,34.241513
徐州医学院附属医院,综合医院,三级甲等,江苏省（53家）,江苏省,江苏省徐州市泉山区淮海西路99号,0516-85802111;0516-85609999;0516-85802116,百度地图,117.1785,34.262889
盐城市第一人民医院,综合医院,三级甲等,江苏省（53家）,江苏省,江苏省盐城市亭湖区毓龙西路166号,0515-88592872;0515-88592269,百度地图,120.118878,33.383152
扬州市第一人民医院,综合医院,三级甲等,江苏省（53家）,江苏省,江苏省扬州市广陵区泰州路45号,0514-82981199,百度地图,119.45216,32.394495
镇江市传染病医院,专科医院,三级乙等,江苏省（53家）,江苏省,江苏省镇江市润州区戴家门300号,0511-88970656,百度地图,119.378265,32.169662
镇江市第四人民医院,综合医院,三级甲等,江苏省（53家）,江苏省,江苏省镇江市京口区正东路20号,0511-84448272;0511-84425601;0511-84448192,百度地图,119.459506,32.202736
镇江市第一人民医院,综合医院,三级甲等,江苏省（53家）,江苏省,江苏省镇江市润州区电力路8号,0511-85231018;0511-88915921,百度地图,119.445382,32.206231
慈溪市妇幼保健院,专科医院,三级乙等,浙江省（53家）,浙江省,浙江省宁波市慈溪市白沙路街道二灶潭路1288号,0574-63388670,百度地图,121.285829,30.188717
慈溪市人民医院,综合医院,三级乙等,浙江省（53家）,浙江省,浙江省宁波市慈溪市南二环东路999号,0574-63911999;0574-63929000;0574-63929007,百度地图,121.260214,30.158779
东阳市人民医院,综合医院,三级乙等,浙江省（53家）,浙江省,浙江省金华市东阳市吴宁西路60号,0579-86856999;0579-86856751;0579-86856789,百度地图,120.224269,29.2667
杭州市第六人民医院,专科医院,三级甲等,浙江省（53家）,浙江省,浙江省杭州市西湖区留下镇横埠街2号,0571-86819906,百度地图,120.045894,30.237018
杭州市第七人民医院,专科医院,三级甲等,浙江省（53家）,浙江省,浙江省杭州市西湖区天目山路305号,0571-85126600;0571-85129501,百度地图,120.113478,30.270004
杭州市第一人民医院,综合医院,三级甲等,浙江省（53家）,浙江省,浙江省杭州市上城区浣纱路261号,0571-56005600;0571-87065701,百度地图,120.166721,30.254911
杭州市红十字会医院,中西医结合医院,三级甲等,浙江省（53家）,浙江省,浙江省杭州市下城区环城东路208号,0571-56109588;0571-56109999;0571-56108600,百度地图,120.187047,30.26597
杭州市萧山区第一人民医院,综合医院,三级乙等,浙江省（53家）,浙江省,浙江省杭州市萧山区市心南路199号,0571-83807999;0571-83807074;0571-82621086,百度地图,120.268914,30.15685
湖州市第三人民医院,专科医院,三级甲等,浙江省（53家）,浙江省,浙江省湖州市吴兴区苕溪东路2088号,0572-2023856;0572-2025018;0572-2027093,百度地图,120.148098,30.857849
湖州市第一人民医院,综合医院,三级乙等,浙江省（53家）,浙江省,浙江省湖州市吴兴区广场后路158号,0572-2021109;0572-2023728,百度地图,120.104562,30.871301
湖州市中心医院,综合医院,三级甲等,浙江省（53家）,浙江省,浙江省湖州市吴兴区红旗路198号,0572-2055120;0572-2555112,百度地图,120.095509,30.866813
金华市第二医院,专科医院,三级乙等,浙江省（53家）,浙江省,浙江省金华市婺城区方岩街158号,0579-82271942,百度地图,119.618006,29.078995
金华市人民医院,综合医院,三级乙等,浙江省（53家）,浙江省,浙江省金华市婺城区新华街228号,0579-89138553,百度地图,119.652971,29.104705
金华市中心医院,综合医院,三级甲等,浙江省（53家）,浙江省,浙江省金华市婺城区人民东路365号,0579-82552809,百度地图,119.659096,29.105376
乐清市人民医院,综合医院,三级乙等,浙江省（53家）,浙江省,浙江省温州市乐清市城南街道清远路338号,0577-62061666;0577-62061999;0577-62061777,百度地图,120.970463,28.103984
丽水市第二人民医院,专科医院,三级乙等,浙江省（53家）,浙江省,浙江省丽水市莲都区大洋路115号,0578-2113515,百度地图,119.916100,28.459301
丽水市中心医院,综合医院,三级甲等,浙江省（53家）,浙江省,浙江省丽水市莲都区括苍路289号,0578-2285018;0578-2129120;0578-2285777,百度地图,119.90742,28.450004
宁波市第一医院,综合医院,三级甲等,浙江省（53家）,浙江省,浙江省宁波市海曙区柳汀街59号,0574-87085588,百度地图,121.546754,29.867539
宁波市妇女儿童医院,专科医院,三级甲等,浙江省（53家）,浙江省,浙江省宁波市海曙区南门街道柳汀街339号,0574-87083300,百度地图,121.534563,29.866155
宁波市康宁医院,专科医院,三级乙等,浙江省（53家）,浙江省,浙江省宁波市镇海区庄俞南路1号,0574-86690951;0574-87632793,百度地图,121.621714,29.935166
宁波市眼科医院,专科医院,三级乙等,浙江省（53家）,浙江省,浙江省宁波市鄞州区民安路855号,0574-87862207;0574-87862222;0574-87739000,百度地图,121.601085,29.872731
宁波市医疗中心李惠利医院,综合医院,三级甲等,浙江省（53家）,浙江省,浙江省宁波市鄞州区兴宁路57号,0574-87018701;0574-87392351;13738852336,百度地图,121.561678,29.85426
宁波市鄞州人民医院,综合医院,三级乙等,浙江省（53家）,浙江省,浙江省宁波市鄞州区百丈东路251号,0574-87017200;0574-87016888;0574-87017217,百度地图,121.573632,29.863913
平湖市第一人民医院,综合医院,三级乙等,浙江省（53家）,浙江省,浙江省嘉兴市平湖市当湖街道三港路500号,0573-85827411,百度地图,121.043941,30.699462
衢州市中医医院,综合医院,三级乙等,浙江省（53家）,浙江省,浙江省衢州市柯城区衢化路117号,0570-3086081;0570-3081149,百度地图,118.880986,28.941808
瑞安市人民医院,综合医院,三级乙等,浙江省（53家）,浙江省,浙江省温州市瑞安市万松路108号,0577-65866555;0577-58815881,百度地图,120.636256,27.782521
绍兴第二医院,综合医院,三级乙等,浙江省（53家）,浙江省,浙江省绍兴市越城区延安路123、141-147号,0575-88055555,百度地图,120.585759,29.989972
绍兴市第六人民医院,专科医院,三级乙等,浙江省（53家）,浙江省,浙江省绍兴市越城区延安路468号,0575-88312299,百度地图,120.591085,29.988809
绍兴市第七人民医院,专科医院,三级乙等,浙江省（53家）,浙江省,浙江省绍兴市越城区胜利西路1234号,0575-85397999;0575-85885885,百度地图,120.54726,30.00537
绍兴市妇幼保健院,专科医院,三级甲等,浙江省（53家）,浙江省,浙江省绍兴市越城区东街305号,0575-85138222;0575-85206766;0575-85206780,百度地图,120.588038,29.999285
绍兴市人民医院,综合医院,三级甲等,浙江省（53家）,浙江省,浙江省绍兴市越城区中兴北路568号,0575-88228888,百度地图,120.592964,30.022022
台州市第一人民医院,综合医院,三级乙等,浙江省（53家）,浙江省,浙江省台州市黄岩区横街218号,0576-84016757;0576-84120120,百度地图,121.26463,28.643874
台州市立医院,综合医院,三级乙等,浙江省（53家）,浙江省,浙江省台州市椒江区中山东路381号,0576-88858000;0576-88858170,百度地图,121.439825,28.675568
温岭市第一人民医院,综合医院,三级乙等,浙江省（53家）,浙江省,浙江省台州市温岭市城西街道川安南路333号(会展中心对面),0576-89668501,百度地图,121.348156,28.402388
温州康宁医院,专科医院,三级乙等,浙江省（53家）,浙江省,浙江省温州市鹿城区黄龙住宅区盛锦路1号,0577-88789117;0577-88667111;0577-88785030,百度地图,120.61092,28.008161
温州医学院附属第二医院（温州医学院附属育英儿童医院）,综合医院,三级甲等,浙江省（53家）,浙江省,浙江省温州市鹿城区滨江街道学院西路109号,0577-88816381;0577-88002888,百度地图,120.673601,28.007182
温州医学院附属第一医院,综合医院,三级甲等,浙江省（53家）,浙江省,浙江省温州市鹿城区府学巷2,0577-88069200;0577-55579999,百度地图,120.665297,28.013583
温州医学院附属眼视光医院,专科医院,三级甲等,浙江省（53家）,浙江省,浙江省温州市鹿城区滨江街道学院西路270号,0577-88068821,百度地图,120.672269,28.007079
义乌市中心医院,综合医院,三级乙等,浙江省（53家）,浙江省,浙江省金华市义乌市江东路699号,0579-85209666,百度地图,120.0829,29.286911
余姚市人民医院,综合医院,三级乙等,浙江省（53家）,浙江省,浙江省宁波市余姚市城东路800号,0574-62619028;0574-62629999,百度地图,121.178924,30.06238
浙江大学医学院附属第二医院,综合医院,三级甲等,浙江省（53家）,浙江省,浙江省杭州市上城区解放路88号,0571-87783777;0571-87077272;0571-87783814,百度地图,120.177396,30.251175
浙江大学医学院附属第一医院,综合医院,三级甲等,浙江省（53家）,浙江省,浙江省杭州市上城区庆春路79号,0571-87236114;0571-87236666,百度地图,120.177814,30.255938
浙江大学医学院附属儿童医院,专科医院,三级甲等,浙江省（53家）,浙江省,浙江省杭州市下城区竹竿巷57号,0571-88873263,百度地图,120.165732,30.260507
浙江大学医学院附属妇产科医院,专科医院,三级甲等,浙江省（53家）,浙江省,浙江省杭州市上城区学士路1号,0571-87061501;0571-87025002;0571-87019399,百度地图,120.168332,30.256535
浙江大学医学院附属邵逸夫医院,综合医院,三级甲等,浙江省（53家）,浙江省,浙江省杭州市江干区庆春东路3号,0571-86090073,百度地图,120.202547,30.25642
浙江省口腔医院,专科医院,三级甲等,浙江省（53家）,浙江省,浙江省杭州市下城区延安路395号,0571-87217430;0571-87217218,百度地图,120.163261,30.261576
浙江省人民医院,综合医院,三级甲等,浙江省（53家）,浙江省,浙江省杭州市下城区上塘路158号,0571-87666666;0571-85893889,百度地图,120.168487,30.285252
浙江省台州医院,综合医院,三级甲等,浙江省（53家）,浙江省,浙江省台州市临海市西门街150号,0576-85120120;0576-85111999,百度地图,121.113841,28.846975
浙江省肿瘤医院,专科医院,三级甲等,浙江省（53家）,浙江省,浙江省杭州市拱墅区半山桥广济路38号,0571-88122222;0571-88122233,百度地图,120.191071,30.352689
浙江萧山医院,综合医院,三级乙等,浙江省（53家）,浙江省,浙江省杭州市萧山区育才北路728号,0571-83865858;0571-83865581,百度地图,120.279688,30.18403
浙江新安国际医院,综合医院,三级其他,浙江省（53家）,浙江省,浙江省嘉兴市秀洲区洪兴路2369号,0573-82299999;0573-82068999,百度地图,120.695409,30.764971
浙江医院,综合医院,三级甲等,浙江省（53家）,浙江省,浙江省杭州市西湖区灵隐路12号,0571-87990123,百度地图,120.124888,30.249121
诸暨市人民医院,综合医院,三级乙等,浙江省（53家）,浙江省,浙江省绍兴市诸暨市健民路9号,0575-87182622;0575-81782291,百度地图,120.190981,29.7236
安徽医科大学第一附属医院,,三级甲等,安徽省（22家）,安徽省,安徽省合肥市蜀山区绩溪路218号,0551-62922114;0551-62922018;0551-62922269,百度地图,117.267845,31.847508
安庆市立医院,,三级甲等,安徽省（22家）,安徽省,安徽省安庆市迎江区人民路352号,0556-5223853;0556-5513259;0556-5223910,百度地图,117.049741,30.505452
蚌埠市三人民医院,,三级甲等,安徽省（22家）,安徽省,安徽省蚌埠市蚌山区胜利中路38号,0552-2067333;0552-2070175,百度地图,117.366893,32.938609
蚌埠医学院第一附属医院,,三级甲等,安徽省（22家）,安徽省,安徽省蚌埠市龙子湖区长淮路287号,0552-3064590,百度地图,117.374090,32.952446
巢湖市第一人民医院,,三级甲等,安徽省（22家）,安徽省,安徽省合肥市巢湖市巢湖北路64号,0551-82324194;0551-82324173,百度地图,117.872612,31.623188
池州市人民医院,综合医院,三级甲等,安徽省（22家）,安徽省,安徽省池州市贵池区百牙中路3号,0566-2816081;0566-2812293;0566-2816002,百度地图,117.489456,30.665987
阜阳市人民医院,,三级甲等,安徽省（22家）,安徽省,安徽省阜阳市颍州区三清路501号,0558-3010999,百度地图,115.816383,32.862734
合肥市第二人民医院,综合医院,三级甲等,安徽省（22家）,安徽省,安徽省合肥市瑶海区和平路246号,0551-62203629;0551-62203666,百度地图,117.31843,31.856661
合肥市第一人民医院,,三级甲等,安徽省（22家）,安徽省,安徽省合肥市庐阳区淮河路390号,0551-62183114,百度地图,117.280219,31.86755
淮北矿工总医院,综合医院,三级甲等,安徽省（22家）,安徽省,安徽省淮北市相山区长山北路1号,0561-3881010;0561-3068222;0561-3068323;0561-3068308,百度地图,116.804293,33.977523
淮北市人民医院,,三级甲等,安徽省（22家）,安徽省,安徽省淮北市相山区淮海西路66号,0561-3055021;0561-3055152;0561-3055117,百度地图,116.787239,33.974927
淮南新华医院,,三级乙等,安徽省（22家）,安徽省,安徽省淮南市谢家集区健康路,0554-5677770;0554-2799222,百度地图,116.856144,32.595413
黄山市人民医院,,三级甲等,安徽省（22家）,安徽省,安徽省黄山市屯溪区栗园路4号,0559-2512499,百度地图,118.315744,29.708441
六安市人民医院,,三级甲等,安徽省（22家）,安徽省,安徽省六安市金安区皖西西路21号,0564-3338406,百度地图,116.514348,31.75175
马鞍山市人民医院,,三级甲等,安徽省（22家）,安徽省,安徽省马鞍山市花山区湖北路45号,0555-8222407;0555-8222278,百度地图,118.502766,31.696548
马鞍山市中心医院,综合医院,三级甲等,安徽省（22家）,安徽省,安徽省马鞍山市花山区湖东北路27号,0555-2152789,百度地图,118.511618,31.707893
铜陵市人民医院,,三级甲等,安徽省（22家）,安徽省,安徽省铜陵市铜官区虚镇笔架山路468号,0562-2832322;0562-5838007,百度地图,117.822493,30.918592
皖南医学院附属弋矶山医院,综合医院,三级甲等,安徽省（22家）,安徽省,安徽省芜湖市镜湖区赭山西路92号,0553-5739999;0553-5739108,百度地图,118.357994,31.350757
芜湖市第二人民医院,,三级甲等,安徽省（22家）,安徽省,安徽省芜湖市镜湖区九华中路259号,0553-3832077;0553-3870945,百度地图,118.377861,31.328707
宣城地区人民医院,,三级乙等,安徽省（22家）,安徽省,安徽省宣城市泾县章渡镇章渡村章渡街道,0563-5761120,百度地图,118.231909,30.594139
福建省福州儿童医院,,三级未定等,福建省（37家）,福建省,福建省福州市鼓楼区八一七中路145号,0591-83616161;0591-83322708,百度地图,119.30411,26.072808
福建省妇幼保健院,,三级甲等,福建省（37家）,福建省,福建省福州市鼓楼区道山路18号,0591-87557800,百度地图,119.29943,26.078819
福建省立医院,综合医院,三级甲等,福建省（37家）,福建省,福建省福州市鼓楼区东街134号,0591-87557768,百度地图,119.306674,26.087876
福建省龙岩市第三医院,专科医院,三级未定等,福建省（37家）,福建省,福建省龙岩市新罗区西陂镇小洋宝竹南路4号,0597-2290333,百度地图,117.010508,25.10536
福建省肿瘤医院,,三级甲等,福建省（37家）,福建省,福建省福州市晋安区福马路420号,0591-83660063;0591-83628767,百度地图,119.343265,26.075827
福建医科大学附属第二医院,综合医院,三级甲等,福建省（37家）,福建省,福建省泉州市鲤城区中山北路34,0595-22770061;0595-22791140,百度地图,118.592376,24.91356
福建医科大学附属第一医院,综合医院,三级甲等,福建省（37家）,福建省,福建省福州市台江区茶中路20号,0591-87983333,百度地图,119.301895,26.069915
福建医科大学附属口腔医院,专科医院,三级未定等,福建省（37家）,福建省,福建省福州市鼓楼区杨桥中路246号,0591-83736427;0591-83700838,百度地图,119.279700,26.081568
福建医科大学附属协和医院,综合医院,三级甲等,福建省（37家）,福建省,福建省福州市鼓楼区新权路29号,0591-83357896,百度地图,119.304072,26.077869
福州市第二医院,,三级甲等,福建省（37家）,福建省,福建省福州市仓山区上藤路47号,0591-88039333;0591-88039222;0591-88039111,百度地图,119.32001,26.046295
福州市第一医院,,三级甲等,福建省（37家）,福建省,福建省福州市台江区达道路190号,0591-83476476;0591-88301650,百度地图,119.313428,26.059758
福州市皮肤病防治院,,三级未定等,福建省（37家）,福建省,福建省福州市鼓楼区西洪路243号,0591-83737914;0591-83725667;0591-83708855,百度地图,119.283947,26.084861
龙岩市第二医院,,三级乙等,福建省（37家）,福建省,福建省龙岩市新罗区北城双洋西路8号,0597-3399120,百度地图,117.001322,25.106273
龙岩市第一医院,,三级甲等,福建省（37家）,福建省,福建省龙岩市新罗区九一北路105号,0597-2259595,百度地图,117.029344,25.098799
南平市第一医院,乡镇卫生院,三级甲等,福建省（37家）,福建省,福建省南平市延平区中山路317号,0599-8624532;0599-8631861,百度地图,118.175942,26.631203
南平市人民医院,,三级乙等,福建省（37家）,福建省,福建省南平市延平区解放路29号,0599-8860222;0599-8822811,百度地图,118.180317,26.639293
宁德市闽东医院,,三级甲等,福建省（37家）,福建省,福建省宁德市福安市鹤山路89号,0593-6382057;0593-6336086,百度地图,119.655064,27.08267
莆田市第一医院,,三级甲等,福建省（37家）,福建省,福建省莆田市城厢区南门西路449号,0594-2292145,百度地图,119.006128,25.428579
莆田学院附属医院,,三级甲等,福建省（37家）,福建省,福建省莆田市荔城区东圳东路999号,0594-2730555;0594-2730393;0594-2293910,百度地图,119.032473,25.447472
泉州市第三医院,专科医院,三级乙等,福建省（37家）,福建省,福建省泉州市惠安县洛阳镇白沙村,0595-27550833;0595-22782464,百度地图,118.697657,24.908766
泉州市第一医院,,三级甲等,福建省（37家）,福建省,福建省泉州市鲤城区东街250,0595-22777024,百度地图,118.597931,24.912494
三明市第二医院,,三级乙等,福建省（37家）,福建省,福建省三明市永安市燕江东路86号,0598-8823136;0598-3633452,百度地图,117.366104,25.974839
三明市第一医院,,三级甲等,福建省（37家）,福建省,福建省三明市梅列区列东街29号,0598-8803900;0598-8803263,百度地图,117.635604,26.261611
厦门大学附属第一医院,,三级甲等,福建省（37家）,福建省,福建省厦门市思明区镇海路55号,0592-2132222;0592-2137275,百度地图,118.088097,24.450983
厦门大学附属中山医院,,三级甲等,福建省（37家）,福建省,福建省厦门市思明区湖滨南路201号,0592-2292201;0592-2292198,百度地图,118.097686,24.471549
厦门科宏眼科医院,,三级未定等,福建省（37家）,福建省,福建省厦门市湖里区嘉禾路570号(火炬高科技对面),0592-5666120,百度地图,118.119613,24.511188
厦门市第二医院,综合医院,三级乙等,福建省（37家）,福建省,福建省厦门市集美区盛光路566号,0592-6068351;0592-6152222;0592-6159520,百度地图,118.104527,24.584472
厦门市第三医院,,三级乙等,福建省（37家）,福建省,福建省厦门市同安区祥平街道阳翟二路2号,0592-7022320,百度地图,118.147197,24.705828
厦门市妇幼保健院,,三级甲等,福建省（37家）,福建省,福建省厦门市思明区镇海路10号,0592-2662020,百度地图,118.081428,24.450245
厦门市口腔医院,,三级未定等,福建省（37家）,福建省,福建省厦门市湖里区吕岭路1309号(万科金域蓝湾对面),0592-2678511,百度地图,118.165223,24.486444
厦门市仙岳医院,专科医院,三级甲等,福建省（37家）,福建省,福建省厦门市思明区仙岳路387-399号,0592-5392555;0592-8585555,百度地图,118.111359,24.495521
厦门长庚医院有限公司,,三级未定等,福建省（37家）,福建省,福建省厦门市海沧区新阳工业区霞飞路123号,0592-6203456;0592-6200123,百度地图,118.00924,24.534505
漳州市医院,综合医院,三级甲等,福建省（37家）,福建省,福建省漳州市芗城区胜利西路59号,0596-2082165;0596-2082030;0596-2081035,百度地图,117.645623,24.512392
丰城市人民医院,综合医院,三级乙等,江西省（38家）,江西省,江西省宜春市丰城市紫云南大道533号,0795-6600001,百度地图,115.775961,28.154689
抚州市第一人民医院,综合医院,三级甲等,江西省（38家）,江西省,江西省抚州市临川区赣东大道421号,0794-8215920;15079460579,百度地图,116.35684,27.988733
赣南医学院第一附属医院,,三级甲等,江西省（38家）,江西省,江西省赣州市章贡区青年路23号,0797-8266028,百度地图,114.932623,25.855503
赣州市立医院,综合医院,三级甲等,江西省（38家）,江西省,江西省赣州市章贡区大公路49号,0797-8209176;0797-8222370;0797-8208500;0797-8222110,百度地图,114.946728,25.856446
赣州市人民医院,综合医院,三级甲等,江西省（38家）,江西省,江西省赣州市章贡区红旗大道17号,0797-8112320;0797-8083336,百度地图,114.950853,25.848076
吉安市第三人民医院,专科医院,三级甲等,江西省（38家）,江西省,江西省吉安市吉州区真君山路9号,0796-8224025;0796-8212824,百度地图,114.980310,27.132961
吉安市中心人民医院,综合医院,三级甲等,江西省（38家）,江西省,江西省吉安市吉州区井冈山大道106号,0796-8259386,百度地图,114.98402,27.108691
江西省儿童医院,专科医院,三级甲等,江西省（38家）,江西省,江西省南昌市东湖区阳明路122号,0791-86813561;0791-86826970,百度地图,115.895881,28.687169
江西省皮肤病专科医院,专科医院,三级甲等,江西省（38家）,江西省,江西省南昌市青云谱区迎宾北大道388号,0791-85214720;0791-85207512,百度地图,115.906306,28.626866
江西省人民医院,综合医院,三级甲等,江西省（38家）,江西省,江西省南昌市东湖区爱国路105号,0791-86895530;0791-86895550;0791-86895157,百度地图,115.888715,28.692871
江西省胸科医院,专科医院,三级甲等,江西省（38家）,江西省,江西省南昌市东湖区叠山路346,0791-86784877;0791-86779243,百度地图,115.891997,28.684287
江西省肿瘤医院,专科医院,三级甲等,江西省（38家）,江西省,江西省南昌市青山湖区北京东路519号,0791-88333222;0791-88315120;0791-88331590,百度地图,115.953833,28.675789
井冈山大学附属医院,综合医院,三级甲等,江西省（38家）,江西省,江西省吉安市吉州区井冈山大道110号,0796-8229000;0796-8224718;0796-8237800,百度地图,114.983532,27.110466
景德镇市第二人民医院,综合医院,三级甲等,江西省（38家）,江西省,江西省景德镇市珠山区广场北路3号,0798-8203063;0798-8201912;0798-8228421,百度地图,117.218672,29.295793
景德镇市第三人民医院,综合医院,三级甲等,江西省（38家）,江西省,江西省景德镇市珠山区东郊新厂陶阳路76号,0798-8443182;0798-8410120,百度地图,117.246535,29.299045
景德镇市第一人民医院,综合医院,三级甲等,江西省（38家）,江西省,江西省景德镇市珠山区中华北路317号,0798-8560366;0798-8560600;0798-8523661,百度地图,117.203887,29.304628
九江市第三人民医院,综合医院,三级甲等,江西省（38家）,江西省,江西省九江市浔阳区十里大道408号,0792-8223287;0792-8226453,百度地图,115.985285,29.698778
九江市第五人民医院,专科医院,三级甲等,江西省（38家）,江西省,江西省九江市浔阳区白水湖路6号,0792-8582656,百度地图,116.028355,29.739032
九江市第一人民医院,,三级甲等,江西省（38家）,江西省,江西省九江市浔阳区塔岭南路48号,0792-8582052;0792-8553120,百度地图,115.997195,29.720204
九江学院附属医院,综合医院,三级甲等,江西省（38家）,江西省,江西省九江市浔阳区浔阳东路57号,0792-2180120;0792-2180100,百度地图,115.999957,29.722553
南昌大学第二附属医院,综合医院,三级甲等,江西省（38家）,江西省,江西省南昌市东湖区民德路1号,0791-86276839;0791-86300917;0791-86254921,百度地图,115.902031,28.682395
南昌大学第四附属医院,,三级甲等,江西省（38家）,江西省,江西省南昌市西湖区广场南路133号,0791-82168880;0791-87022457;0791-86263202,百度地图,115.909078,28.666674
南昌大学第一附属医院,综合医院,三级甲等,江西省（38家）,江西省,江西省南昌市东湖区永外正街17号,0791-88692748;0791-88692711,百度地图,115.910251,28.686527
南昌大学附属口腔医院,专科医院,三级甲等,江西省（38家）,江西省,江西省南昌市东湖区福州路49号,0791-86360400;0791-86361141,百度地图,115.905921,28.682593
南昌市第三医院,综合医院,三级甲等,江西省（38家）,江西省,江西省南昌市西湖区站前西路240号,0791-86615534;0791-86612129,百度地图,115.896524,28.661734
南昌市第一医院,综合医院,三级甲等,江西省（38家）,江西省,江西省南昌市东湖区象山北路128号,0791-88862216;0791-88862299;0791-88862309,百度地图,115.890345,28.678808
萍乡市第二人民医院,综合医院,三级乙等,江西省（38家）,江西省,江西省萍乡市安源区丹江街平安南大道89号,0799-6832821,百度地图,113.872355,27.605746
萍乡市人民医院,综合医院,三级甲等,江西省（38家）,江西省,江西省萍乡市安源区武功山中大道8号,0799-6881700;0799-6763105;0799-6833928,百度地图,113.883103,27.646373
上饶市第五人民医院,专科医院,三级甲等,江西省（38家）,江西省,江西省上饶市信州区建南路1号,0793-8200120;0793-8293333;0793-8291692,百度地图,117.963929,28.429518
上饶市人民医院,综合医院,三级甲等,江西省（38家）,江西省,江西省上饶市信州区书院路86号,0793-8100172;0793-8100429,百度地图,117.977227,28.43788
新余市人民医院,综合医院,三级甲等,江西省（38家）,江西省,江西省新余市渝水区新欣北大道369号,0790-6651021;0790-6651018,百度地图,114.950476,27.828274
宜春市第三人民医院,专科医院,三级乙等,江西省（38家）,江西省,江西省宜春市袁州区中山西路195号,0795-3203283,百度地图,114.37389,27.79757
宜春市人民医院,综合医院,三级甲等,江西省（38家）,江西省,江西省宜春市袁州区中山西路88号,0795-3224434;0795-3223128,百度地图,114.376254,27.799113
鹰潭市人民医院,综合医院,三级甲等,江西省（38家）,江西省,江西省鹰潭市月湖区胜利西路116号,0701-6698190,百度地图,117.030891,28.24315
滨州市人民医院,综合医院,三级乙等,山东省（61家）,山东省,山东省滨州市滨城区黄河七路515号,0543-3199999;0543-3282825;0543-3282888,百度地图,118.011303,37.389449
滨州市中心医院,综合医院,三级乙等,山东省（61家）,山东省,山东省滨州市惠民县环城南路108号,0543-5322880;0543-5321635,百度地图,117.503844,37.477167
滨州医学院附属医院,综合医院,三级甲等,山东省（61家）,山东省,山东省滨州市滨城区黄河二路661号,0543-3399999,百度地图,118.012148,37.371899
单县中心医院,综合医院,三级乙等,山东省（61家）,山东省,山东省菏泽市单县文化路1号,0530-4691777,百度地图,116.087303,34.782696
德州市第二人民医院,综合医院,三级未定等,山东省（61家）,山东省,山东省德州市德城区纺织大街55号,0534-2488120;0534-2488109,百度地图,116.272914,37.450026
德州市人民医院,综合医院,三级乙等,山东省（61家）,山东省,山东省德州市德城区新湖大街1751号,0534-2637018;0534-2637120,百度地图,116.306577,37.451474
东营市第二人民医院,综合医院,三级乙等,山东省（61家）,山东省,山东省东营市广饶县常春路,0546-6625608,百度地图,118.520070,36.985938
肥城矿业中心医院,综合医院,三级乙等,山东省（61家）,山东省,山东省泰安市肥城市王瓜店镇泰临路,0538-3158681,百度地图,116.689125,36.199931
菏泽市立医院,综合医院,三级乙等,山东省（61家）,山东省,山东省菏泽市牡丹区曹州路2888号,0530-5613311,百度地图,115.44008,35.243467
济南市第四人民医院,综合医院,三级甲等,山东省（61家）,山东省,山东省济南市天桥区师范路50号,0531-81313607;0531-85951785,百度地图,116.979711,36.694707
济南市中心医院,综合医院,三级甲等,山东省（61家）,山东省,山东省济南市历下区解放路105号,0531-85695114;0531-85695166,百度地图,117.048027,36.667607
济宁市第一人民医院,综合医院,三级甲等,山东省（61家）,山东省,山东省济宁市任城区健康路6号,0537-2293366;0537-2253431;0537-2102718,百度地图,116.593288,35.39844
济宁医学院附属医院,综合医院,三级甲等,山东省（61家）,山东省,山东省济宁市任城区古槐路89号,0537-2966666;0537-2903085,百度地图,116.578976,35.40782
莱芜钢铁集团有限公司医院,综合医院,三级乙等,山东省（61家）,山东省,山东省莱芜市钢城区新兴路68号,0634-6825700;0634-6825724,百度地图,117.844867,36.074558
聊城市第二人民医院,综合医院,三级未定等,山东省（61家）,山东省,山东省聊城市临清市健康街306号,0635-2345678;0635-2341000;0635-2323120,百度地图,115.700837,36.853828
聊城市第四人民医院,专科医院,三级未定等,山东省（61家）,山东省,山东省聊城市东昌府区花园北路49,0635-8321088,百度地图,115.997386,36.463937
聊城市人民医院,综合医院,三级甲等,山东省（61家）,山东省,山东省聊城市东昌府区东昌西路67号,0635-8276110;0635-8276133,百度地图,115.97851,36.458263
临沂市人民医院,综合医院,三级甲等,山东省（61家）,山东省,山东省临沂市兰山区解放路东段27号,0539-8200200;0539-8075919;0539-8226999,百度地图,118.350746,35.063797
临沂市沂水中心医院,综合医院,三级乙等,山东省（61家）,山东省,山东省临沂市沂水县健康路17号,0539-2251731;0539-2250104,百度地图,118.63191,35.796821
青岛大学医学院附属医院,综合医院,三级甲等,山东省（61家）,山东省,山东省青岛市市南区江苏路16号,0532-82911201,百度地图,120.327258,36.068004
青岛市胶州中心医院,综合医院,三级乙等,山东省（61家）,山东省,山东省青岛市胶州市徐州路29号,0532-87212301,百度地图,120.010509,36.280122
青岛市市立医院,综合医院,三级甲等,山东省（61家）,山东省,山东省青岛市市北区胶州路1号,0532-82823162;0532-82827191,百度地图,120.326685,36.073456
青岛市中心医院,综合医院,三级甲等,山东省（61家）,山东省,山东省青岛市市北区四流南路127号,0532-84855192,百度地图,120.37694,36.139722
青岛市肿瘤医院,专科医院,三级其他,山东省（61家）,山东省,山东省青岛市市北区开平路22号,0532-84962329;0532-84855520,百度地图,120.377062,36.139491
日照市人民医院,综合医院,三级乙等,山东省（61家）,山东省,山东省日照市东港区泰安路126号,0633-3365206;0633-3365069,百度地图,119.514904,35.411883
荣成市人民医院,综合医院,三级乙等,山东省（61家）,山东省,山东省威海市荣成市成山大道中段298号,0631-7572966,百度地图,122.419815,37.15398
山东大学第二医院,综合医院,三级甲等,山东省（61家）,山东省,山东省济南市天桥区北园大街247号,0531-85875201;0531-88197777;0531-85875303,百度地图,117.040216,36.68989
山东大学齐鲁医院,综合医院,三级甲等,山东省（61家）,山东省,山东省济南市历下区文化西路107号,0531-82169114,百度地图,117.018976,36.656401
山东省立医院,综合医院,三级甲等,山东省（61家）,山东省,山东省济南市槐荫区经五纬七路324号,0531-87938911;0531-68776502,百度地图,116.983125,36.65679
山东省千佛山医院,综合医院,三级甲等,山东省（61家）,山东省,山东省济南市历下区经十路16766号,0531-89268436,百度地图,117.042626,36.647479
山东省胸科医院,专科医院,三级未定等,山东省（61家）,山东省,山东省济南市历下区历山路46号,0531-58580579,百度地图,117.048566,36.677349
山东省眼科医院,专科医院,三级未定等,山东省（61家）,山东省,山东省济南市槐荫区经四路372号,0531-81276026;0531-81276000;0531-81276111,百度地图,116.985582,36.659364
山东省肿瘤医院,专科医院,三级甲等,山东省（61家）,山东省,山东省济南市槐荫区济兖路440号,0531-87984777;0531-87984361,百度地图,116.8538,36.636384
胜利油田中心医院,综合医院,三级甲等,山东省（61家）,山东省,山东省东营市东营区济南路31号,0546-8779266;0546-8552224,百度地图,118.514852,37.464378
泰安市中心医院,综合医院,三级甲等,山东省（61家）,山东省,山东省泰安市泰山区龙潭路29号,0538-8224161;0538-8223226,百度地图,117.111581,36.193568
泰山医学院附属医院,综合医院,三级乙等,山东省（61家）,山东省,山东省泰安市泰山区泰山大街706号,0538-6229999;0538-6236001;0538-8423120,百度地图,117.076871,36.183265
滕州市中心人民医院,综合医院,三级乙等,山东省（61家）,山东省,山东省枣庄市滕州市杏坛路181号,0632-5517609,百度地图,117.163027,35.088238
威海市立医院,综合医院,三级乙等,山东省（61家）,山东省,山东省威海市环翠区和平路70号,0631-5223017;0631-5287508,百度地图,122.115011,37.502598
威海市文登中心医院,综合医院,三级乙等,山东省（61家）,山东省,山东省威海市文登区米山东路西3号,0631-3809999,百度地图,122.075591,37.188855
潍坊市人民医院,综合医院,三级甲等,山东省（61家）,山东省,山东省潍坊市奎文区广文街151号,0536-8192599,百度地图,119.132392,36.699625
潍坊市益都中心医院,综合医院,三级乙等,山东省（61家）,山东省,山东省潍坊市青州市玲珑山南路84号,0536-6792699;0536-6765555,百度地图,118.472986,36.67687
潍坊医学院附属医院,综合医院,三级乙等,山东省（61家）,山东省,山东省潍坊市奎文区虞河路2428号,0536-3081100;0536-8068903,百度地图,119.135874,36.722612
新汶矿业集团有限责任公司中心医院,综合医院,三级乙等,山东省（61家）,山东省,山东省泰安市新泰市新汶街道办事处,0538-7872120;0538-7872491,百度地图,117.667585,35.863902
烟台市莱阳中心医院,综合医院,三级乙等,山东省（61家）,山东省,山东省烟台市莱阳市昌山路111号,0535-7232103;0535-7212762,百度地图,120.703174,36.973328
烟台市烟台山医院,综合医院,三级乙等,山东省（61家）,山东省,山东省烟台市芝罘区解放路91号,0535-6602098;0535-6602001,百度地图,121.404497,37.543574
烟台毓璜顶医院,综合医院,三级甲等,山东省（61家）,山东省,山东省烟台市芝罘区毓璜顶东路20号,0535-6691999;0535-6240341,百度地图,121.389731,37.535771
兖矿集团有限公司总医院,综合医院,三级乙等,山东省（61家）,山东省,山东省济宁市邹城市矿建东路560号,0537-5382125;0537-5382120;0537-5367018,百度地图,116.949341,35.400763
枣庄矿业集团公司中心医院,综合医院,三级乙等,山东省（61家）,山东省,山东省枣庄市薛城区祁连山路可可里花园对面,0632-4060000;0632-4060123,百度地图,117.305162,34.818314
枣庄市立第二医院,专科医院,三级未定等,山东省（61家）,山东省,山东省枣庄市市中区汇泉路6号,0632-3312120,百度地图,117.585642,34.822189
枣庄市立医院,综合医院,三级甲等,山东省（61家）,山东省,山东省枣庄市市中区龙头路41号,0632-3288020;0632-3312409;0632-3318934,百度地图,117.565828,34.845372
中国石化集团胜利石油管理局胜利医院,综合医院,三级乙等,山东省（61家）,山东省,山东省东营市东营区北二路107号,0546-8367123,百度地图,118.639009,37.473703
淄博矿业集团有限责任公司中心医院,综合医院,三级乙等,山东省（61家）,山东省,山东省淄博市淄川区淄矿路133号,0533-5851653;0533-5851658,百度地图,117.995181,36.632498
淄博市第一医院,综合医院,三级乙等,山东省（61家）,山东省,山东省淄博市博山区峨嵋山东路4号,0533-4252412;0533-4253312;0533-4252432,百度地图,117.86453,36.490287
淄博市中心医院,综合医院,三级甲等,山东省（61家）,山东省,山东省淄博市张店区共青团西路54号,0533-2301166;0533-2360228,百度地图,118.052915,36.8075
安钢集团总医院,综合医院,三级未定等,河南省（65家）,河南省,河南省安阳市殷都区钢三路中段,0372-3123740;0372-3123731,百度地图,114.298107,36.105578
安阳市人民医院,综合医院,三级甲等,河南省（65家）,河南省,河南省安阳市北关区解放大道中段72号,0372-3335119;0372-3335741,百度地图,114.349874,36.105494
安阳市肿瘤医院,综合医院,三级甲等,河南省（65家）,河南省,河南省安阳市北关区洹滨北路1号,0372-2923314,百度地图,114.352397,36.11956
河南大学第一附属医院,综合医院,三级未定等,河南省（65家）,河南省,河南省开封市龙亭区西门大街357号,0371-25959120;0371-23822222;0371-22736900,百度地图,114.346578,34.801544
河南大学淮河医院,综合医院,三级甲等,河南省（65家）,河南省,河南省开封市龙亭区西门大街115号,0371-23999999,百度地图,114.342546,34.7996
河南科技大学第二附属医院,综合医院,三级未定等,河南省（65家）,河南省,河南省洛阳市西工区金谷园路80号,0379-63307295;0379-63261750,百度地图,112.440251,34.677339
河南科技大学第一附属医院,综合医院,三级甲等,河南省（65家）,河南省,河南省洛阳市涧西区景华路24号,0379-64830780;0379-64923362;0379-64830604,百度地图,112.399074,34.661584
河南省传染病医院,综合医院,三级未定等,河南省（65家）,河南省,河南省郑州市二七区京广路街道京广南路29号,0371-61600120;0371-61688330,百度地图,113.658521,34.712220
河南省妇幼保健院,综合医院,三级未定等,河南省（65家）,河南省,河南省郑州市二七区康复中街与康复前街交叉口西北150米,0371-66969042,百度地图,113.647986,34.743301
河南省精神病医院,专科医院,三级甲等,河南省（65家）,河南省,河南省新乡市牧野区前进路193号附近,0373-3373995,百度地图,113.897223,35.328852
河南省口腔医院,,三级未定等,河南省（65家）,河南省,河南省郑州市惠济区南阳路169附10,0371-63981473,百度地图,113.620594,34.820830
河南省南阳市第一人民医院,综合医院,三级其他,河南省（65家）,河南省,河南省南阳市宛城区人民路12号,0377-63310163;0377-63310089,百度地图,112.536533,32.989745
河南省人民医院,综合医院,三级甲等,河南省（65家）,河南省,河南省郑州市金水区纬五路7号,0371-65897503;0371-65580100,百度地图,113.694456,34.773166
河南省胸科医院,专科医院,三级未定等,河南省（65家）,河南省,河南省郑州市金水区纬五路1号,0371-65662695;0371-65662413;0371-65662833,百度地图,113.702942,34.773356
河南省肿瘤医院,专科医院,三级甲等,河南省（65家）,河南省,河南省郑州市金水区东明路127号,0371-65961511;0371-65587325;4000371818,百度地图,113.702006,34.771055
黄河三门峡医院,综合医院,三级其他,河南省（65家）,河南省,河南省三门峡市湖滨区和平路西段2号,0398-2289190;0398-2289093;0398-2825297,百度地图,111.192591,34.782049
济源市人民医院,综合医院,三级其他,河南省（65家）,河南省,河南省济源市济源市健康路58号,0391-6652849,百度地图,112.586931,35.097826
焦煤中央医院,综合医院,三级未定等,河南省（65家）,河南省,河南省焦作市解放区健康街1号,0391-3531111;0391-3530352,百度地图,113.212353,35.258882
焦作市第二人民医院,综合医院,三级甲等,河南省（65家）,河南省,河南省焦作市解放区民主南路17号,0391-2631939;0391-2631912;0391-2610120,百度地图,113.232428,35.228563
焦作市人民医院,综合医院,三级甲等,河南省（65家）,河南省,河南省焦作市山阳区解放中路267号,0391-2662210;0391-2662212;0391-2662120,百度地图,113.248114,35.245905
开封市第二人民医院,综合医院,三级未定等,河南省（65家）,河南省,河南省开封市顺河回族区汴京大道东段10号,0371-22731891,百度地图,114.392258,34.79396
开封市第一人民医院,综合医院,三级甲等,河南省（65家）,河南省,河南省开封市龙亭区河道街85号,0371-25671288;0371-25952537,百度地图,114.356837,34.797702
开封市儿童医院,综合医院,三级未定等,河南省（65家）,河南省,河南省开封市鼓楼区自由路中段87号,0371-25950681,百度地图,114.359032,34.78977
洛阳东方医院,综合医院,三级未定等,河南省（65家）,河南省,河南省洛阳市涧西区西苑路36号,0379-64976027;0379-4969999;0379-64972121,百度地图,112.377939,34.663563
洛阳市第三人民医院,综合医院,三级未定等,河南省（65家）,河南省,河南省洛阳市老城区五股路龙泉三街坊158号,0379-62723087;0379-60208966,百度地图,112.474759,34.699341
洛阳市第五人民医院,专科医院,三级未定等,河南省（65家）,河南省,河南省洛阳市老城区定鼎南路50号(立交桥北),0379-63215886;0379-63259250,百度地图,112.462185,34.673429
洛阳市第一人民医院,综合医院,三级未定等,河南省（65家）,河南省,河南省洛阳市瀍河回族区中州东路88号,0379-63961274;0379-63997526;0379-63998875,百度地图,112.489474,34.685438
洛阳市妇女儿童医疗保健中心,专科医院,三级未定等,河南省（65家）,河南省,河南省洛阳市西工区玻璃厂路12号,0379-63256064,百度地图,112.452537,34.67408
洛阳市中心医院,,三级甲等,河南省（65家）,河南省,河南省洛阳市西工区中州中路288号,0379-63892008;0379-63892222;0379-63892015,百度地图,112.429899,34.668937
漯河市中心医院,,三级甲等,河南省（65家）,河南省,河南省漯河市召陵区人民东路54号,0395-2682120;0395-2682251,百度地图,114.068256,33.567548
漯河医学高等专科学校第二附属医院,综合医院,三级其他,河南省（65家）,河南省,河南省漯河市郾城区海河路西段,0395-6162312;0395-6183670,百度地图,113.991243,33.586629
南阳市第二人民医院,综合医院,三级其他,河南省（65家）,河南省,河南省南阳市宛城区建设东路66号,0377-61609970;0377-61609966,百度地图,112.553847,33.003803
南阳市中心医院,综合医院,三级甲等,河南省（65家）,河南省,河南省南阳市宛城区工农路312号,0377-63200114;0377-63200108,百度地图,112.542705,33.006817
南阳医学高等专科学校第一附属医院,综合医院,三级未定等,河南省（65家）,河南省,河南省南阳市卧龙区车站南路46号,0377-63328323,百度地图,112.51351,32.989493
平顶山市第二人民医院,综合医院,三级未定等,河南省（65家）,河南省,河南省平顶山市新华区曙光街49号,0375-4975120;0375-4975013,百度地图,113.295189,33.731966
平顶山市第一人民医院,综合医院,三级甲等,河南省（65家）,河南省,河南省平顶山市卫东区优越路117号,0375-3399573;0375-3399023;0375-3399021,百度地图,113.316317,33.74021
濮阳市安阳地区医院,综合医院,三级甲等,河南省（65家）,河南省,河南省安阳市北关区灯塔路260号,0372-5108915,百度地图,114.358747,36.107612
濮阳市人民医院,综合医院,三级甲等,河南省（65家）,河南省,河南省濮阳市华龙区胜利中路252号,0393-6162004;0393-4402004,百度地图,115.027446,35.76671
濮阳市油田总医院,综合医院,三级甲等,河南省（65家）,河南省,河南省濮阳市华龙区大庆路124号,0393-4820120;0393-4821096,百度地图,115.074249,35.771792
三门峡市中心医院,,三级其他,河南省（65家）,河南省,河南省三门峡市湖滨区崤山中路,0398-2933151;0398-2851752,百度地图,111.18892,34.776603
商丘市第一人民医院,综合医院,三级乙等,河南省（65家）,河南省,河南省商丘市睢阳区凯旋南路292号(近北海路),0370-3255630;0370-3255757;0370-3255637,百度地图,115.623307,34.395597
新乡市第二人民医院,综合医院,三级未定等,河南省（65家）,河南省,河南省新乡市牧野区宏力大道中389号,0373-2050120;0373-2059474,百度地图,113.87886,35.315935
新乡市第一人民医院,综合医院,三级未评,河南省（65家）,河南省,河南省新乡市卫滨区一横街63号,0373-2040120;0373-2030120,百度地图,113.868376,35.30704
新乡市中心医院,综合医院,三级甲等,河南省（65家）,河南省,河南省新乡市卫滨区金穗大道56号(近解放大道),0373-3530300;0373-2048907,百度地图,113.865587,35.297138
新乡医学院第一附属医院,综合医院,三级甲等,河南省（65家）,河南省,河南省新乡市卫辉市健康路88号,0373-4402200;13803800007,百度地图,114.060927,35.411401
信阳市中心医院,综合医院,三级未定等,河南省（65家）,河南省,河南省信阳市浉河区四一路1号,0376-6251881;0376-6251502,百度地图,114.075366,32.126572
许昌市中心医院,综合医院,三级未定等,河南省（65家）,河南省,河南省许昌市魏都区华佗路30号,0374-3353036;0374-3353008;0374-3314927,百度地图,113.810429,34.030363
郑州大学第二附属医院,综合医院,三级未定等,河南省（65家）,河南省,河南省郑州市金水区经八路2号,0371-63974787;0371-60260061,百度地图,113.670288,34.7661
郑州大学第五附属医院,综合医院,三级甲等,河南省（65家）,河南省,河南省郑州市二七区康复前街3号,0371-68326487;0371-68185120,百度地图,113.651673,34.743464
郑州大学第一附属医院,综合医院,三级甲等,河南省（65家）,河南省,河南省郑州市二七区建设东路1号,0371-66913114;0371-67966114,百度地图,113.646073,34.752872
郑州市第一人民医院,,三级其他,河南省（65家）,河南省,河南省郑州市管城回族区东大街56号,0371-66322114;0371-66333120,百度地图,113.684493,34.749821
郑州市妇幼保健院,妇幼保健院,三级未评,河南省（65家）,河南省,河南省郑州市金水区金水路41号,0371-63881854;0371-63881636;18738120755,百度地图,113.652568,34.764752
郑州市中心医院,综合医院,三级甲等,河南省（65家）,河南省,河南省郑州市中原区桐柏北路195号,0371-67690111;0371-67690120;0371-67690000,百度地图,113.61229,34.750303
周口市中心医院,综合医院,三级甲等,河南省（65家）,河南省,河南省周口市川汇区人民路东26号,0394-8269178;0394-8222893,百度地图,114.664576,33.621757
驻马店市第一人民医院,综合医院,三级其他,河南省（65家）,河南省,河南省驻马店市驿城区健康路1号,0396-2929212;0396-2929219,百度地图,114.03524,32.974596
驻马店市精神病院,,三级其他,河南省（65家）,河南省,河南省驻马店市驿城区雪松路51号,0396-2826117;0396-3826008,百度地图,114.067011,32.988592
驻马店市中心医院,,三级其他,河南省（65家）,河南省,河南省驻马店市驿城区中华路747号,0396-2926207;0396-2726190,百度地图,114.023292,32.971778
东风汽车公司总医院,综合医院,三级甲等,湖北省（52家）,湖北省,湖北省十堰市张湾区大岭路16号,0719-8221120;0719-8222921,百度地图,110.772174,32.652733
鄂钢医院,综合医院,三级乙等,湖北省（52家）,湖北省,湖北省鄂州市鄂城区建设西街11号,0711-3232091;0711-3232120,百度地图,114.879369,30.407733
鄂州市中心医院,综合医院,三级甲等,湖北省（52家）,湖北省,湖北省鄂州市鄂城区文星大道9号,0711-3222091;0711-3221147,百度地图,114.882837,30.397992
恩施土家族苗族自治州中心医院,综合医院,三级甲等,湖北省（52家）,湖北省,湖北省恩施土家族苗族自治州恩施市舞阳大道158号,0718-8222760;0718-8251850,百度地图,109.491284,30.276436
湖北江汉油田总医院,综合医院,三级甲等,湖北省（52家）,湖北省,湖北省潜江市潜江市广华办事处安康路3号,0728-6502921;0728-6503497,百度地图,112.699593,30.438293
湖北民族学院附属民大医院,综合医院,三级未定等,湖北省（52家）,湖北省,湖北省恩施土家族苗族自治州恩施市五峰山路2号,0718-8224193,百度地图,109.500608,30.2821
湖北省妇幼保健医院,专科医院,三级甲等,湖北省（52家）,湖北省,湖北省武汉市洪山区武珞路745号,027-87169200;027-87648922;027-87884730,百度地图,114.352398,30.527891
湖北省黄石市妇幼保健院,专科医院,三级其他,湖北省（52家）,湖北省,湖北省黄石市下陆区桂林南路9号,0714-6351992;0714-6351882,百度地图,115.035414,30.195878
湖北省新华医院,综合医院,三级乙等,湖北省（52家）,湖北省,湖北省武汉市江汉区菱角湖路11号(原汉口新天门墩5-6号,图书大世界旁湖北省新华医院内),027-65600946,百度地图,114.273507,30.607725
湖北省中山医院,综合医院,三级甲等,湖北省（52家）,湖北省,湖北省武汉市硚口区中山大道26号,027-83745741;027-83743096;027-83745674,百度地图,114.254361,30.569068
湖北省中医医院,,三级甲等,湖北省（52家）,湖北省,湖北省武汉市洪山区珞喻路856号(光谷广场前行100米),027-87748001,百度地图,114.407765,30.506942
湖北省肿瘤医院,专科医院,三级甲等,湖北省（52家）,湖北省,湖北省武汉市洪山区卓刀泉南路116号,027-87670138;027-87670078;4007508120,百度地图,114.364732,30.500248
华中科技大学同济医学院附属梨园医院,综合医院,三级甲等,湖北省（52家）,湖北省,湖北省武汉市武昌区沿湖大道39号,027-86793057;027-86793043,百度地图,114.378588,30.582109
华中科技大学同济医学院附属同济医院,综合医院,三级甲等,湖北省（52家）,湖北省,湖北省武汉市硚口区解放大道1095号,027-83662688,百度地图,114.2603,30.579463
华中科技大学同济医学院附属协和医院,综合医院,三级甲等,湖北省（52家）,湖北省,湖北省武汉市江汉区汉口解放大道1277号,027-85726754;027-85726300;027-85726114,百度地图,114.274756,30.58406
黄冈市中心医院,专科医院,三级甲等,湖北省（52家）,湖北省,湖北省黄冈市黄州区考棚街11号,0713-8353393;0713-8625119,百度地图,114.874804,30.44599
黄石市中心医院,综合医院,三级甲等,湖北省（52家）,湖北省,湖北省黄石市黄石港区天津路141号,0714-6266755;0714-6257352;0714-3189999,百度地图,115.084574,30.212894
荆门市第一人民医院,综合医院,三级甲等,湖北省（52家）,湖北省,湖北省荆门市东宝区象山大道67号,0724-2305811,百度地图,112.198131,31.028914
荆州市第一人民医院,综合医院,三级甲等,湖北省（52家）,湖北省,湖北省荆州市沙市区航空路8号,0716-8214001;0716-8111888;0716-8113707,百度地图,112.259354,30.309393
荆州市中心医院,综合医院,三级甲等,湖北省（52家）,湖北省,湖北省荆州市荆州区人民路1号,0716-8459999;0716-8437752;0716-8881888,百度地图,112.193513,30.353757
三峡大学仁和医院,综合医院,三级未定等,湖北省（52家）,湖北省,湖北省宜昌市伍家岗区夷陵大道410号,0717-6551829;0717-6551228;0717-6553992,百度地图,111.352499,30.644098
十堰市人民医院,综合医院,三级甲等,湖北省（52家）,湖北省,湖北省十堰市茅箭区朝阳中路39号,0719-8637000;0719-8637222,百度地图,110.781264,32.644399
十堰市太和医院,综合医院,三级甲等,湖北省（52家）,湖北省,湖北省十堰市茅箭区人民南路32号,0719-8801880;0719-8801533,百度地图,110.779703,32.622483
随州市中心医院,综合医院,三级乙等,湖北省（52家）,湖北省,湖北省随州市曾都区龙门街60号,0722-3222805;0722-3252217;0722-3224288,百度地图,113.3758,31.708521
武汉大学口腔医院,专科医院,三级甲等,湖北省（52家）,湖北省,湖北省武汉市洪山区珞喻路237号,027-87686110;027-87877870,百度地图,114.366321,30.522382
武汉大学人民医院,综合医院,三级甲等,湖北省（52家）,湖北省,湖北省武汉市武昌区八一路299号,027-68761407;027-68766391,百度地图,114.364066,30.533467
武汉大学中南医院,综合医院,三级甲等,湖北省（52家）,湖北省,湖北省武汉市武昌区东湖路169号,027-67813167;027-67812888;027-67812999,百度地图,114.353478,30.55346
武汉钢铁（集团）公司职工总医院,综合医院,三级甲等,湖北省（52家）,湖北省,湖北省武汉市青山区冶金大道29号,027-86487354;027-86487380,百度地图,114.403498,30.631918
武汉科技大学天佑医院,综合医院,三级甲等,湖北省（52家）,湖北省,湖北省武汉市武昌区丁字桥涂家岭9号,027-87896186;027-87121589,百度地图,114.326744,30.524628
武汉市第六医院,综合医院,三级未定等,湖北省（52家）,湖北省,湖北省武汉市江岸区香港路168号,027-82426502;027-82419006,百度地图,114.29045,30.600037
武汉市第三医院,综合医院,三级甲等,湖北省（52家）,湖北省,湖北省武汉市武昌区彭刘杨路241号,027-88850381;027-88843447,百度地图,114.302728,30.540548
武汉市妇女儿童医疗保健中心,专科医院,三级甲等,湖北省（52家）,湖北省,湖北省武汉市江岸区香港路100号,027-82433116;027-82433350;027-82433163,百度地图,114.288049,30.603644
武汉市医疗救治中心,综合医院,三级其他,湖北省（52家）,湖北省,湖北省武汉市东西湖区银潭路1号,027-86465341,百度地图,114.286305,30.666398
武汉市中西医结合医院,中西医结合医院,三级甲等,湖北省（52家）,湖北省,湖北省武汉市硚口区中山大道215号,027-85860666;027-85416980;027-85332427,百度地图,114.272283,30.572172
武汉市中心医院,综合医院,三级甲等,湖北省（52家）,湖北省,湖北省武汉市江岸区胜利街26号,027-82811080;027-82811441,百度地图,114.295012,30.581254
武汉亚洲心脏病医院,专科医院,三级未定等,湖北省（52家）,湖北省,湖北省武汉市江汉区京汉大道753号,027-65796888,百度地图,114.282205,30.583137
咸宁市中心医院,综合医院,三级甲等,湖北省（52家）,湖北省,湖北省咸宁市咸安区金桂路228号,0715-8896013,百度地图,114.319194,29.856423
襄阳市第一人民医院,综合医院,三级甲等,湖北省（52家）,湖北省,湖北省襄阳市樊城区解放路15号,0710-3420018;0710-3420098;0710-3420196,百度地图,112.149376,32.033185
襄阳市中心医院,综合医院,三级甲等,湖北省（52家）,湖北省,湖北省襄阳市襄城区荆州街14号,0710-3520081,百度地图,112.154809,32.018771
襄阳市中医医院,,三级甲等,湖北省（52家）,湖北省,湖北省襄阳市樊城区长征路24号,0710-3440874;0710-3366120,百度地图,112.155694,32.047447
孝感市康复医院,专科医院,三级其他,湖北省（52家）,湖北省,湖北省孝感市孝南区澴川路99号,0712-2366926,百度地图,113.926838,30.895158
孝感市中心医院,综合医院,三级甲等,湖北省（52家）,湖北省,湖北省孝感市孝南区广场路6号,0712-2823258;0712-2853009,百度地图,113.911881,30.928663
宜昌市第二人民医院,综合医院,三级未定等,湖北省（52家）,湖北省,湖北省宜昌市西陵区西陵一路21号,0717-6736118;0717-6732402,百度地图,111.284732,30.703528
宜昌市第一人民医院,综合医院,三级甲等,湖北省（52家）,湖北省,湖北省宜昌市西陵区湖堤街4号,0717-6222800;0717-6223867,百度地图,111.288989,30.694949
宜昌市中心人民医院,综合医院,三级甲等,湖北省（52家）,湖北省,湖北省宜昌市伍家岗区夷陵大道183号,0717-6496666;0717-6483495;0717-6486947,百度地图,111.306839,30.68453
长江航运总医院,综合医院,三级乙等,湖北省（52家）,湖北省,湖北省武汉市江岸区惠济路5号,027-82426436;027-82423456,百度地图,114.287114,30.606322
中国葛洲坝集团中心医院,综合医院,三级甲等,湖北省（52家）,湖北省,湖北省宜昌市西陵区樵湖一路60号,0717-6712888;0717-6714999,百度地图,111.286214,30.718807
常德市第一人民医院,综合医院,三级甲等,湖南省（35家）,湖南省,湖南省常德市武陵区人民路818号,0736-7788113;0736-7788110;0736-7788835,百度地图,111.708747,29.019115
郴州市第一人民医院,综合医院,三级甲等,湖南省（35家）,湖南省,湖南省郴州市北湖区人民路街道罗家井102,0735-2343605,百度地图,113.034348,25.788819
衡阳市第一人民医院,综合医院,三级其他,湖南省（35家）,湖南省,湖南省衡阳市珠晖区湖北路36号,0734-2523777;0734-8345120;0734-2523257,百度地图,112.625673,26.892108
衡阳市中心医院,综合医院,三级甲等,湖南省（35家）,湖南省,湖南省衡阳市雁峰区雁城路12号,0734-8275763;0734-8275760,百度地图,112.615287,26.890362
湖南省儿童医院,专科医院,三级甲等,湖南省（35家）,湖南省,湖南省长沙市雨花区梓园路86号,0731-85600908;0731-85600965,百度地图,112.989218,28.173859
湖南省脑科医院,综合医院,三级未定等,湖南省（35家）,湖南省,湖南省长沙市雨花区芙蓉中路三段427号,0731-85227069;0731-85232209,百度地图,112.985831,28.155228
湖南省人民医院,综合医院,三级甲等,湖南省（35家）,湖南省,湖南省长沙市芙蓉区解放西路61号,0731-82278120;0731-83929140,百度地图,112.98194,28.190399
湖南省肿瘤医院,专科医院,三级甲等,湖南省（35家）,湖南省,湖南省长沙市岳麓区桐梓坡路283号,0731-89762900;0731-88651900;0731-88651812,百度地图,112.937765,28.215154
湖南师范大学附属湘东医院,综合医院,三级其他,湖南省（35家）,湖南省,湖南省株洲市醴陵市大桥北路2号,0731-23222356;0731-23227127,百度地图,113.505296,27.659965
湖南旺旺医院,综合医院,三级未定等,湖南省（35家）,湖南省,湖南省长沙市芙蓉区人民东路318号,0731-82775411;0731-82775120,百度地图,113.032403,28.183083
怀化市第三人民医院,综合医院,三级未定等,湖南省（35家）,湖南省,湖南省怀化市鹤城区榆市路231号,0745-2222222;0745-2232369,百度地图,109.963242,27.543315
怀化市第一人民医院,综合医院,三级甲等,湖南省（35家）,湖南省,湖南省怀化市鹤城区锦溪南路144号,0745-2383699;0745-2388999;0745-2382411,百度地图,109.996779,27.543869
娄底市中心医院,综合医院,三级甲等,湖南省（35家）,湖南省,湖南省娄底市娄星区长青街51号,0738-8527000;0738-8313848;0738-8527222,百度地图,112.016172,27.731891
南华大学附属第二医院,综合医院,三级甲等,湖南省（35家）,湖南省,湖南省衡阳市石鼓区解放大道35号,0734-8288067;0734-8288080;0734-8221577,百度地图,112.611261,26.897355
南华大学附属第一医院,综合医院,三级甲等,湖南省（35家）,湖南省,湖南省衡阳市石鼓区船山路69号,0734-8279058;0734-8279008,百度地图,112.601398,26.901793
南华大学附属南华医院,综合医院,三级甲等,湖南省（35家）,湖南省,湖南省衡阳市珠晖区东风路336号,0734-8358018;0734-8358025,百度地图,112.658268,26.869195
邵阳市第一人民医院,综合医院,三级乙等,湖南省（35家）,湖南省,湖南省邵阳市双清区通衡街39号,0739-5255555;0739-5011880,百度地图,111.478212,27.236804
邵阳市中心医院,综合医院,三级甲等,湖南省（35家）,湖南省,湖南省邵阳市大祥区红旗路乾元巷36号,0739-5328355;0739-5323380;0739-5328175,百度地图,111.459969,27.232903
湘潭市第一人民医院,综合医院,三级未定等,湖南省（35家）,湖南省,湖南省湘潭市岳塘区书院路100号,0731-58669007;0731-58669005,百度地图,112.928409,27.816535
湘潭市中心医院,综合医院,三级甲等,湖南省（35家）,湖南省,湖南省湘潭市雨湖区和平路120号,0731-58214965;0731-58214998,百度地图,112.91218,27.862552
湘西自治州人民医院,综合医院,三级乙等,湖南省（35家）,湖南省,湖南省湘西土家族苗族自治州吉首市世纪大道与建新路交汇处,0743-8222417;0743-2110060,百度地图,109.689329,28.257288
益阳市中心医院,综合医院,三级甲等,湖南省（35家）,湖南省,湖南省益阳市赫山区康富北路118号,0737-4205111,百度地图,112.354276,28.570152
永州市中心医院,综合医院,三级甲等,湖南省（35家）,湖南省,湖南省永州市冷水滩区逸云路396号,0746-8327339,百度地图,111.628771,26.421376
永州职业技术学院附属医院,综合医院,三级未定等,湖南省（35家）,湖南省,湖南省永州市零陵区南津北路338号,0746-6367169,百度地图,111.633399,26.246899
岳阳市二人民医院,综合医院,三级未定等,湖南省（35家）,湖南省,湖南省岳阳市岳阳楼区巴陵东路263号,0730-8713730;0730-8713605;0730-8713777,百度地图,113.157922,29.368806
岳阳市一人民医院,综合医院,三级甲等,湖南省（35家）,湖南省,湖南省岳阳市岳阳楼区东茅岭路39号,0730-8246724;0730-8246701,百度地图,113.111723,29.372748
张家界市人民医院,综合医院,三级未定等,湖南省（35家）,湖南省,湖南省张家界市永定区古庸路192号,0744-8222270;0744-8227836;0744-8229347,百度地图,110.483575,29.128604
长沙市第三医院,综合医院,三级未定等,湖南省（35家）,湖南省,湖南省长沙市天心区劳动西路176,0731-85171610;0731-85171604;0731-85171616,百度地图,112.977484,28.175267
长沙市第四医院,综合医院,三级未定等,湖南省（35家）,湖南省,湖南省长沙市岳麓区麓山路70号,0731-88835975;0731-88850522;0731-88942006,百度地图,112.949814,28.194205
中南大学湘雅二医院,综合医院,三级甲等,湖南省（35家）,湖南省,湖南省长沙市芙蓉区人民中路139号,0731-85295888;0731-85295555,百度地图,112.993995,28.187931
中南大学湘雅三医院,,三级甲等,湖南省（35家）,湖南省,湖南省长沙市岳麓区桐梓坡路138号,0731-88638888;0731-88618120;0731-88618577,百度地图,112.944823,28.22048
中南大学湘雅医院,,三级甲等,湖南省（35家）,湖南省,湖南省长沙市开福区湘雅路87号,0731-84328888;0731-89753999,百度地图,112.984234,28.212193
株洲恺德心血管病医院,专科医院,三级未定等,湖南省（35家）,湖南省,湖南省株洲市荷塘区恺德路99号,0731-28261942,百度地图,113.161807,27.848576
株洲市三三一医院,综合医院,三级未定等,湖南省（35家）,湖南省,湖南省株洲市芦淞区株董路1398号,0731-28574001;0731-28574003,百度地图,113.182902,27.792371
株洲市一医院,综合医院,三级甲等,湖南省（35家）,湖南省,湖南省株洲市芦淞区车站路128号,0731-28221326,百度地图,113.151600,27.834776
北京大学深圳医院,综合医院,三级甲等,广东省（102家）,广东省,广东省深圳市福田区莲花路1120号,0755-83923333,百度地图,114.049081,22.556352
潮州市潮州医院,综合医院,三级未定等,广东省（102家）,广东省,广东省潮州市湘桥区城新路8号,0768-2262612;0768-2266001,百度地图,116.641059,23.659059
潮州市中心医院,综合医院,三级未定等,广东省（102家）,广东省,广东省潮州市湘桥区环城西路84号,0768-2234848;0768-2224092,百度地图,116.642699,23.666013
东莞市东华医院,综合医院,三级甲等,广东省（102家）,广东省,广东省东莞市东莞市东城东路1号,0769-22676120;0769-22333333,百度地图,113.786275,23.030286
东莞市妇幼保健院,妇幼保健院,三级甲等,广东省（102家）,广东省,广东省东莞市东莞市主山社区振兴路99号,0769-22218045,百度地图,113.793628,23.035131
东莞市厚街医院,综合医院,三级甲等,广东省（102家）,广东省,广东省东莞市东莞市厚街河田大道21号,0769-85588409,百度地图,113.670034,22.932325
东莞市康华医院,综合医院,三级甲等,广东省（102家）,广东省,广东省东莞市东莞市东莞大道1000号,0769-22823333;0769-22823999,百度地图,113.709537,22.971124
东莞市人民医院,综合医院,三级甲等,广东省（102家）,广东省,广东省东莞市东莞市新谷涌万道路南3号,0769-22223412;0769-28637333,百度地图,113.700784,23.025211
东莞市石龙人民医院,综合医院,三级甲等,广东省（102家）,广东省,广东省东莞市东莞市石龙镇黄洲区祥龙路1号,0769-81368666,百度地图,113.883967,23.11534
东莞市太平人民医院,综合医院,三级甲等,广东省（102家）,广东省,广东省东莞市东莞市虎门大道154号,0769-85010257;0769-85010107,百度地图,113.681374,22.820508
佛山市禅城区中心医院,综合医院,三级甲等,广东省（102家）,广东省,广东省佛山市禅城区石湾三友南路3号,0757-82278866;0757-82263333,百度地图,113.08506,23.005524
佛山市第二人民医院,综合医院,三级甲等,广东省（102家）,广东省,广东省佛山市禅城区卫国路78号,0757-88032111;0757-88032899;0757-88033333,百度地图,113.119473,23.024644
佛山市第一人民医院,综合医院,三级甲等,广东省（102家）,广东省,广东省佛山市禅城区岭南大道北81号,0757-83833633;0757-83163168;0757-83163155,百度地图,113.124654,23.006289
佛山市妇幼保健院,妇幼保健院,三级甲等,广东省（102家）,广东省,广东省佛山市禅城区人民西路11号,0757-82969789;0757-82969399;0757-82969993,百度地图,113.105573,23.032859
佛山市高明区人民医院,综合医院,三级甲等,广东省（102家）,广东省,广东省佛山市高明区荷城街道康宁路1号,0757-88825788;0757-88881463,百度地图,112.879049,22.900463
佛山市南海区妇幼保健院,妇幼保健院,三级甲等,广东省（102家）,广东省,广东省佛山市南海区桂平西路6号,0757-86239033;0757-86281123,百度地图,113.159086,23.031719
佛山市南海区人民医院,综合医院,三级甲等,广东省（102家）,广东省,广东省佛山市禅城区石湾三友南路3号,0757-82278866;0757-82263333,百度地图,113.08506,23.005524
佛山市顺德区第一人民医院,综合医院,三级甲等,广东省（102家）,广东省,广东省佛山市顺德区伦教镇龙洲路,0757-22333098,百度地图,113.243939,22.868868
佛山市顺德区妇幼保健院,妇幼保健院,三级甲等,广东省（102家）,广东省,广东省佛山市顺德区保健路3号,0757-22636983;0757-22663000,百度地图,113.259041,22.831691
高州市人民医院,综合医院,三级未定等,广东省（102家）,广东省,广东省茂名市高州市西关路89号,0668-6664924;0668-6666796,百度地图,110.852541,21.924207
广东省第二人民医院,综合医院,三级甲等,广东省（102家）,广东省,广东省广州市海珠区新港中路466号,020-89168120;020-89168338;020-89168066,百度地图,113.333903,23.094451
广东省妇幼保健院,妇幼保健院,三级甲等,广东省（102家）,广东省,广东省广州市番禺区兴南大道521号,020-39151517;020-39151599;020-39151532,百度地图,113.368904,23.017341
广东省口腔医院,专科医院,三级未定等,广东省（102家）,广东省,广东省广州市海珠区江南大道南366号,020-84414802;020-84427034,百度地图,113.27703,23.088986
广东省农垦中心医院,综合医院,三级甲等,广东省（102家）,广东省,广东省湛江市霞山区人民大道中2号,0759-2633667;0759-2633604;0759-2633663,百度地图,110.4013,21.212863
广东省人民医院,综合医院,三级甲等,广东省（102家）,广东省,广东省广州市越秀区中山二路106号,020-83827812;020-87663667,百度地图,113.287275,23.125153
广东药学院附属第一医院,综合医院,三级甲等,广东省（102家）,广东省,广东省广州市越秀区农林下路19号,020-61339399;020-87125637,百度地图,113.295736,23.127295
广州市第八人民医院,专科医院,三级未定等,广东省（102家）,广东省,广东省广州市越秀区东风东路627,020-83800076;020-83838688,百度地图,113.286676,23.131256
广州市第十二人民医院,综合医院,三级未定等,广东省（102家）,广东省,广东省广州市天河区黄埔大道西天强路1号,020-38665841;020-38981288,百度地图,113.318375,23.129024
广州市第一人民医院,综合医院,三级甲等,广东省（102家）,广东省,广东省广州市越秀区盘福路1号,020-81048888,百度地图,113.25651,23.131163
广州市番禺区中心医院,综合医院,三级甲等,广东省（102家）,广东省,广东省广州市番禺区福愉东路8号,020-34858888,百度地图,113.376104,22.910635
广州市妇女儿童医疗中心,专科医院,三级甲等,广东省（102家）,广东省,广东省广州市天河区金穗路9号,020-81886332,百度地图,113.320291,23.124876
广州市复大医疗投资管理有限公司复大肿瘤医院,专科医院,三级未定等,广东省（102家）,广东省,广东省广州市天河区棠下棠德西路2号,020-85659999;020-85669999;020-38993900,百度地图,113.379126,23.133687
广州市红十字会医院,综合医院,三级甲等,广东省（102家）,广东省,广东省广州市海珠区同福中路396,020-84412233;020-34403616,百度地图,113.261983,23.104648
广州市花都区人民医院,综合医院,三级乙等,广东省（102家）,广东省,广东省广州市花都区新华路48号,020-86832256;020-86838973,百度地图,113.211689,23.373803
广州市精神病医院,专科医院,三级甲等,广东省（102家）,广东省,广东省广州市荔湾区明心路36号,020-81250683;020-81891425,百度地图,113.240241,23.098577
广州市胸科医院,专科医院,三级未定等,广东省（102家）,广东省,广东省广州市越秀区横枝岗路62号,020-83592692;020-83595977,百度地图,113.287986,23.146391
广州医科大学附属第二医院,综合医院,三级甲等,广东省（102家）,广东省,广东省广州市海珠区昌岗东路250号,020-34152299;020-34152282,百度地图,113.278597,23.089862
广州医科大学附属第三医院,综合医院,三级甲等,广东省（102家）,广东省,广东省广州市荔湾区多宝路63号,020-81292183,百度地图,113.234189,23.117751
广州医科大学附属第一医院,综合医院,三级甲等,广东省（102家）,广东省,广东省广州市越秀区沿江西路151号,020-83337862;020-83062114,百度地图,113.262123,23.112643
广州医学院附属肿瘤医院,专科医院,三级未定等,广东省（102家）,广东省,广东省广州市越秀区横枝岗路78号,020-83595032;020-66673666,百度地图,113.293213,23.147434
广州医学院口腔医院,专科医院,三级未定等,广东省（102家）,广东省,广东省广州市荔湾区黄沙大道39号(西城都荟,黄沙水产市场,市一中),020-61359143;020-61359380,百度地图,113.234342,23.112538
河源市人民医院,综合医院,三级乙等,广东省（102家）,广东省,广东省河源市源城区文祥路733号,0762-3185888,百度地图,114.714773,23.774046
惠州市第三人民医院,综合医院,三级未定等,广东省（102家）,广东省,广东省惠州市惠城区学背街1号,0752-2255120;0752-2250422;0752-2359756,百度地图,114.423421,23.088999
惠州市第一人民医院,综合医院,三级未定等,广东省（102家）,广东省,广东省惠州市惠城区三新南路20号,0752-2888120;0752-2883800,百度地图,114.410223,23.113393
惠州市中心人民医院,综合医院,三级甲等,广东省（102家）,广东省,广东省惠州市惠城区鹅岭北路41号,0752-2288120;0752-2288288,百度地图,114.398897,23.082313
暨南大学附属第一医院,综合医院,三级甲等,广东省（102家）,广东省,广东省广州市天河区黄埔大道西613号,020-38688066;020-38688888,百度地图,113.350552,23.126178
江门市人民医院,综合医院,三级甲等,广东省（102家）,广东省,广东省江门市蓬江区蓬莱路19号,0750-3333511;0750-3333237,百度地图,113.087816,22.58069
江门市中心医院,综合医院,三级甲等,广东省（102家）,广东省,广东省江门市蓬江区北街海傍街23号,0750-3165500;0750-3120120;0750-3373123,百度地图,113.114432,22.606122
揭阳市人民医院,综合医院,三级甲等,广东省（102家）,广东省,广东省揭阳市榕城区天福路107号,0663-8622292,百度地图,116.360988,23.541037
开平市中心医院,综合医院,三级甲等,广东省（102家）,广东省,广东省江门市开平市开发区A7号,0750-2371725;0750-2371958,百度地图,112.668609,22.373811
罗定市人民医院,综合医院,三级甲等,广东省（102家）,广东省,广东省云浮市罗定市园前路罗定市文化广场往东100米左右,0766-3882958;0766-3822324,百度地图,111.576025,22.769464
茂名市人民医院,综合医院,三级甲等,广东省（102家）,广东省,广东省茂名市茂南区为民路101号,0668-2922577;0668-2922688,百度地图,110.909994,21.658425
南方医科大学第三附属医院,综合医院,三级未定等,广东省（102家）,广东省,广东省广州市天河区中山大道西183号,020-62784319;020-62784188;020-62784018,百度地图,113.362964,23.134315
南方医科大学珠江医院,综合医院,三级甲等,广东省（102家）,广东省,广东省广州市海珠区工业大道中253号,020-84339888;020-61643888,百度地图,113.269068,23.081091
普宁华侨医院,综合医院,三级未定等,广东省（102家）,广东省,广东省揭阳市普宁市流沙大道西164号,0663-2227000,百度地图,116.162723,23.296314
普宁市人民医院,综合医院,三级甲等,广东省（102家）,广东省,广东省揭阳市普宁市流沙大道30号,0663-2222126,百度地图,116.17656,23.295974
汕头潮南民生医院,综合医院,三级未定等,广东省（102家）,广东省,广东省汕头市潮阳区峡山练南管区324国道北侧,0754-87833333,百度地图,116.4587,23.249548
汕头大学 香港中文大学联合汕头国际眼科中心,专科医院,三级未定等,广东省（102家）,广东省,广东省汕头市金平区东厦北路(近汕头广播电视大学),0754-86110168;0754-88393527,百度地图,116.718755,23.394804
汕头大学医学院第二附属医院,综合医院,三级未定等,广东省（102家）,广东省,广东省汕头市金平区东厦北路69号,0754-88915666,百度地图,116.718895,23.393945
汕头大学医学院第一附属医院,综合医院,三级甲等,广东省（102家）,广东省,广东省汕头市金平区长平路57号,0754-88258290,百度地图,116.706438,23.363029
汕头大学医学院附属肿瘤医院,专科医院,三级未定等,广东省（102家）,广东省,广东省汕头市金平区饶平路7号,0754-88555844,百度地图,116.695351,23.35546
汕头市第二人民医院,综合医院,三级未定等,广东省（102家）,广东省,广东省汕头市金平区金平区外马路28号,0754-88272777;0754-88452033,百度地图,116.676969,23.354434
汕头市中心医院,综合医院,三级甲等,广东省（102家）,广东省,广东省汕头市金平区外马路114号,0754-88550450;0754-88908890;0754-88550766,百度地图,116.693919,23.35584
汕尾逸挥基金医院,综合医院,三级乙等,广东省（102家）,广东省,广东省汕尾市城区康平路东50米,0660-3379999,百度地图,115.365438,22.787491
深圳市宝安区人民医院,综合医院,三级甲等,广东省（102家）,广东省,广东省深圳市宝安区宝城龙井二路118号,0755-27788311,百度地图,113.914991,22.561851
深圳市第二人民医院,综合医院,三级甲等,广东省（102家）,广东省,广东省深圳市福田区笋岗西路3002号,0755-83366388,百度地图,114.085469,22.557046
深圳市儿童医院,专科医院,三级未定等,广东省（102家）,广东省,广东省深圳市福田区益田路7019号,0755-83936101;0755-83008301,百度地图,114.053961,22.547403
深圳市妇幼保健院,妇幼保健院,三级未定等,广东省（102家）,广东省,广东省深圳市福田区红荔路2004号,0755-82889999,百度地图,114.094273,22.54968
深圳市康宁医院,专科医院,三级未定等,广东省（102家）,广东省,广东省深圳市罗湖区翠竹路1080号,0755-25533749;0755-25533524,百度地图,114.130892,22.56436
深圳市龙岗中心医院,综合医院,三级甲等,广东省（102家）,广东省,广东省深圳市龙岗区龙岗大道6082号,0755-84806933,百度地图,114.283189,22.735529
深圳市南山区人民医院,综合医院,三级甲等,广东省（102家）,广东省,广东省深圳市南山区桃园路89号,0755-26553111,百度地图,113.923745,22.530824
深圳市孙逸仙心血管医院,专科医院,三级未定等,广东省（102家）,广东省,广东省深圳市南山区朗山路12号,0755-82180028,百度地图,113.947669,22.556974
深圳市眼科医院,专科医院,三级未定等,广东省（102家）,广东省,广东省深圳市福田区泽田路18号,0755-23959510;0755-23959600,百度地图,114.014358,22.545901
阳江市人民医院,综合医院,三级甲等,广东省（102家）,广东省,广东省阳江市江城区东山路14号,0662-3282003;0662-3218171,百度地图,111.971304,21.843876
云浮市人民医院,综合医院,三级未定等,广东省（102家）,广东省,广东省云浮市云城区环市东路120号罗沙分界村,0766-8822128,百度地图,112.074347,22.953561
肇庆市第一人民医院,综合医院,三级甲等,广东省（102家）,广东省,广东省肇庆市端州区东岗路9号,0758-2102100;0758-2102103,百度地图,112.509377,23.097219
中山大学附属第六医院,综合医院,三级未定等,广东省（102家）,广东省,广东省广州市天河区员村二横路26号(本部区),020-38254000;020-38254019;020-38254110,百度地图,113.364133,23.118369
中山大学附属第三医院,综合医院,三级甲等,广东省（102家）,广东省,广东省广州市天河区天河路600号,020-85253333;020-85253203,百度地图,113.341179,23.134232
中山大学附属口腔医院,专科医院,三级未定等,广东省（102家）,广东省,广东省广州市越秀区陵园西路56号,020-87678799;020-83863002,百度地图,113.283439,23.130375
中山大学孙逸仙纪念医院,综合医院,三级甲等,广东省（102家）,广东省,广东省广州市越秀区沿江西路107号,020-81332199;020-81332372,百度地图,113.255873,23.109565
中山市博爱医院,综合医院,三级甲等,广东省（102家）,广东省,广东省中山市中山市城桂路6号,0760-88306123;0760-88776380,百度地图,113.391867,22.495845
中山市小榄人民医院,综合医院,三级甲等,广东省（102家）,广东省,广东省中山市中山市菊城大道中段65号,0760-88622120;0760-88662120;0760-22252281,百度地图,113.238087,22.652366
珠海市妇幼保健院,妇幼保健院,三级甲等,广东省（102家）,广东省,广东省珠海市香洲区柠溪路543号(近柠溪路),0756-2313088;0756-2313115,百度地图,113.560097,22.269257
珠海市人民医院,综合医院,三级甲等,广东省（102家）,广东省,广东省珠海市香洲区康宁路79号,0756-2222569;0756-2157719;0756-2162180,百度地图,113.575844,22.274651
百色市人民医院,综合医院,三级甲等,广西壮族自治区（32家）,广西壮族自治区,广西壮族自治区百色市右江区城乡路8号,0776-2824278;0776-2851178;0776-2835424,百度地图,106.620583,23.892431
广西医科大学第一附属医院,综合医院,三级甲等,广西壮族自治区（32家）,广西壮族自治区,广西壮族自治区南宁市青秀区双拥路6号,0771-5356533,百度地图,108.343197,22.795831
广西壮族自治区桂东人民医院,综合医院,三级其他,广西壮族自治区（32家）,广西壮族自治区,广西壮族自治区梧州市万秀区西江四路金鸡冲1号,0774-2023107;0774-2021889,百度地图,111.33143,23.472738
广西壮族自治区南溪山医院,综合医院,三级甲等,广西壮族自治区（32家）,广西壮族自治区,广西壮族自治区桂林市象山区崇信路46号,0773-3832683;0773-3833120;0773-3829122,百度地图,110.289194,25.247451
广西壮族自治区肿瘤医院,专科医院,三级甲等,广西壮族自治区（32家）,广西壮族自治区,广西壮族自治区南宁市青秀区河堤路71号,0771-5331955;0771-5310848;0771-5330700,百度地图,108.341829,22.795074
桂林市第二人民医院,综合医院,三级甲等,广西壮族自治区（32家）,广西壮族自治区,广西壮族自治区桂林市叠彩区叠彩路2号,0773-2889120;0773-2821525;0773-2823439,百度地图,110.302434,25.287692
桂林市人民医院,综合医院,三级甲等,广西壮族自治区（32家）,广西壮族自治区,广西壮族自治区桂林市象山区文明路12号,0773-2828712;0773-2881416;0773-2820816,百度地图,110.294966,25.269318
河池市人民医院,综合医院,三级甲等,广西壮族自治区（32家）,广西壮族自治区,广西壮族自治区河池市金城江区金城中路455号,0778-2200000;0778-2284591;0778-2281409,百度地图,108.049213,24.694776
柳州市工人医院,综合医院,三级甲等,广西壮族自治区（32家）,广西壮族自治区,广西壮族自治区柳州市鱼峰区柳石路1号,0772-3838874;0772-3817070,百度地图,109.410947,24.297843
柳州市柳铁中心医院,综合医院,三级甲等,广西壮族自治区（32家）,广西壮族自治区,广西壮族自治区柳州市柳南区飞鹅路利民社区14号,0772-3923457;0772-3923517;0772-3923447,百度地图,109.398567,24.308637
柳州市人民医院,综合医院,三级甲等,广西壮族自治区（32家）,广西壮族自治区,广西壮族自治区柳州市城中区文昌路8号,0772-2662222;0772-2812433,百度地图,109.445031,24.326163
南宁爱尔眼科医院,专科医院,三级未定等,广西壮族自治区（32家）,广西壮族自治区,广西壮族自治区南宁市西乡塘区秀灵路126号(西大东门至快环交界处),0771-3131031;4007008009,百度地图,108.298077,22.854696
南宁市第四人民医院,专科医院,三级乙等,广西壮族自治区（32家）,广西壮族自治区,广西壮族自治区南宁市兴宁区长堽路二里1号,0771-5667870;0771-5625823,百度地图,108.344336,22.834996
南宁市第一人民医院,综合医院,三级甲等,广西壮族自治区（32家）,广西壮族自治区,广西壮族自治区南宁市青秀区七星路89号,0771-2833120;0771-2636219;0771-3919600,百度地图,108.324971,22.810678
钦州市第二人民医院,综合医院,三级甲等,广西壮族自治区（32家）,广西壮族自治区,广西壮族自治区钦州市钦南区文峰南路219号,0777-2824745;0777-2828460;0777-2873278,百度地图,108.618067,21.95506
钦州市第一人民医院,综合医院,三级甲等,广西壮族自治区（32家）,广西壮族自治区,广西壮族自治区钦州市钦南区前进路47号,0777-2824630,百度地图,108.631448,21.96176
梧州市人民医院,综合医院,三级乙等,广西壮族自治区（32家）,广西壮族自治区,广西壮族自治区梧州市长洲区三龙大道139号,0774-3831120,百度地图,111.232832,23.458502
右江民族医学院附属医院,综合医院,三级甲等,广西壮族自治区（32家）,广西壮族自治区,广西壮族自治区百色市右江区中山二路18号,0776-2820910;0776-2888120;0776-2824233,百度地图,106.61262,23.892245
玉林市第一人民医院,综合医院,三级甲等,广西壮族自治区（32家）,广西壮族自治区,广西壮族自治区玉林市玉州区教育中路495号,0775-2683288;0775-2681120;0775-2673887,百度地图,110.155725,22.6368
玉林市红十字会医院,综合医院,三级乙等,广西壮族自治区（32家）,广西壮族自治区,广西壮族自治区玉林市玉州区金旺路1号,0775-3267779,百度地图,110.187526,22.640994
海南省人民医院,综合医院,三级甲等,海南省（7家）,海南省,海南省海口市秀英区秀华路19号,0898-66226666;0898-66225933,百度地图,110.287716,20.004828
海南医学院附属医院,综合医院,三级甲等,海南省（7家）,海南省,海南省海口市龙华区龙华路31号,0898-66772248;0898-66773791;0898-66798249,百度地图,110.333132,20.029114
重庆市第九人民医院,,三级甲等,重庆市（11家）,重庆市,重庆市重庆市北碚区嘉陵村69号,023-63221327;023-68865906,百度地图,106.446398,29.822181
重庆市第三人民医院,,三级甲等,重庆市（11家）,重庆市,重庆市重庆市渝中区枇杷山正街104,023-63522569;023-63515265;023-63513194,百度地图,106.553210,29.553321
重庆市第四人民医院,,三级甲等,重庆市（11家）,重庆市,重庆市重庆市渝中区健康路1号,023-63692009;023-63692008;023-63692253,百度地图,106.546041,29.552454
重庆市涪陵中心医院,,三级甲等,重庆市（11家）,重庆市,重庆市重庆市涪陵区高笋塘路2号,023-72226004;023-72226100;023-72224460,百度地图,107.397935,29.703494
重庆医科大学附属第二医院,,三级甲等,重庆市（11家）,重庆市,重庆市重庆市渝中区临江路74号,023-63717748;023-63822815,百度地图,106.574935,29.560437
重庆医科大学附属第一医院,,三级甲等,重庆市（11家）,重庆市,重庆市重庆市渝中区袁家岗友谊路1号,023-68811360;023-89012238,百度地图,106.512857,29.531181
重庆医科大学附属儿童医院,,三级甲等,重庆市（11家）,重庆市,重庆市重庆市渝中区中山二路136号,023-63632756;023-63622984,百度地图,106.554434,29.55612
重庆医科大学附属口腔医院,,三级甲等,重庆市（11家）,重庆市,重庆市重庆市渝中区上清寺路5号,023-88860111;023-89035858;023-89035822,百度地图,106.546574,29.559545
重庆医科大学附属永川医院,,三级甲等,重庆市（11家）,重庆市,重庆市重庆市永川区萱花路439号,023-49864553;023-49863757,百度地图,105.890222,29.357363
成都市第二人民医院,综合医院,三级甲等,四川省（44家）,四川省,四川省成都市锦江区庆云南街10号,028-65108888;028-65108666,百度地图,104.087159,30.660423
成都市第三人民医院,综合医院,三级甲等,四川省（44家）,四川省,四川省成都市青羊区青龙街82号,028-86635261,百度地图,104.062769,30.668797
成都市中西医结合医院,综合医院,三级甲等,四川省（44家）,四川省,四川省成都市青羊区红星路一段44号,028-86915760;028-85313526,百度地图,104.087607,30.668249
成都中医药大学附属医院,,三级甲等,四川省（44家）,四川省,四川省成都市金牛区十二桥路39号,028-87783467;028-87769902,百度地图,104.042087,30.66722
川北医学院附属医院,综合医院,三级甲等,四川省（44家）,四川省,四川省南充市顺庆区文化路63号,0817-2222856,百度地图,106.085429,30.793081
达州市中西医结合医院,,三级甲等,四川省（44家）,四川省,四川省达州市通川区西外龙泉路1号,0818-2122489;0818-2155555,百度地图,107.47183,31.219992
达州市中心医院,综合医院,三级甲等,四川省（44家）,四川省,四川省达州市通川区南岳庙街56号,0818-2122222;0818-2371653,百度地图,107.51983,31.220534
德阳市人民医院,综合医院,三级甲等,四川省（44家）,四川省,四川省德阳市旌阳区泰山北路一段173号,0838-2202999,百度地图,104.396418,31.130873
甘孜州人民医院,,三级乙等,四川省（44家）,四川省,四川省甘孜藏族自治州康定市西大街94号,0836-2822060;0836-2827682,百度地图,101.965246,30.054704
广元市中心医院,综合医院,三级甲等,四川省（44家）,四川省,四川省广元市利州区井家巷16号,0839-3222256;0839-3222222,百度地图,105.823716,32.435365
绵阳市第三人民医院,综合医院,三级甲等,四川省（44家）,四川省,四川省绵阳市游仙区剑南路东段190号,0816-2283078;0816-2296120;0816-2282249,百度地图,104.760271,31.469666
绵阳市中心医院,综合医院,三级甲等,四川省（44家）,四川省,四川省绵阳市涪城区常家巷12号,0816-2222821;0816-2231777,百度地图,104.752963,31.456664
南充市中心医院,综合医院,三级甲等,四川省（44家）,四川省,四川省南充市顺庆区人民南路97号,0817-2282001;0817-2258671,百度地图,106.085396,30.787014
内江市第一人民医院,综合医院,三级甲等,四川省（44家）,四川省,四川省内江市市中区沱中路31号,0832-2103876;0832-2101201;0832-2101609,百度地图,105.069514,29.579757
攀枝花第三人民医院,专科医院,三级甲等,四川省（44家）,四川省,四川省攀枝花市仁和区云康路18号,0812-2903884;0812-2912242,百度地图,101.737454,26.502361
攀枝花市中西医结合医院,,三级甲等,四川省（44家）,四川省,四川省攀枝花市东区东区炳草岗桃源街27号,0812-3347772,百度地图,101.722770,26.580918
攀枝花市中心医院,综合医院,三级甲等,四川省（44家）,四川省,四川省攀枝花市东区攀枝花大道中段益康街34号,0812-2238315,百度地图,101.706897,26.540782
省骨科医院,,三级甲等,四川省（44家）,四川省,四川省成都市武侯区一环路西一段132号,028-87015226;028-87014160;028-86063120,百度地图,104.040205,30.650983
四川大学华西二院,专科医院,三级甲等,四川省（44家）,四川省,四川省成都市武侯区人民南路三段20号,028-85503960;028-85501322,百度地图,104.06563,30.639422
四川大学华西医院,综合医院,三级甲等,四川省（44家）,四川省,四川省成都市武侯区国学巷37号,028-66000940,百度地图,104.060452,30.641495
四川绵阳四0四医院,综合医院,三级乙等,四川省（44家）,四川省,四川省绵阳市涪城区跃进路56号,0816-2333342;0816-2338500,百度地图,104.742035,31.477101
四川省人民医院,综合医院,三级甲等,四川省（44家）,四川省,四川省成都市青羊区一环路西二段32号,028-87393999;028-87795180;028-86062114,百度地图,104.039206,30.663268
遂宁市中心医院,综合医院,三级甲等,四川省（44家）,四川省,四川省遂宁市船山区德胜西路127号,0825-2292270;0825-2292313,百度地图,105.577743,30.500536
雅安市人民医院,综合医院,三级甲等,四川省（44家）,四川省,四川省雅安市雨城区城后路358号,0835-2862106,百度地图,102.992536,29.982548
宜宾市第一人民医院,综合医院,三级甲等,四川省（44家）,四川省,四川省宜宾市翠屏区文星街65号,0831-8212440,百度地图,104.618296,28.761045
安顺市人民医院,综合医院,三级甲等,贵州省（40家）,贵州省,贵州省安顺市西秀区虹山湖路22号,0851-3222131;0851-3222403;0851-33222131,百度地图,105.939254,26.250984
毕节市人民医院,综合医院,三级甲等,贵州省（40家）,贵州省,贵州省毕节市七星关区广惠路112号,0857-8294008;0857-8294072,百度地图,105.281915,27.304611
贵航贵阳医院,综合医院,三级未定等,贵州省（40家）,贵州省,贵州省贵阳市花溪区黄河路331号,0851-83838101;0851-83833093,百度地图,106.701018,26.512088
贵阳市第二人民医院,综合医院,三级甲等,贵州省（40家）,贵州省,贵州省贵阳市观山湖区金阳南路547号,0851-87993821,百度地图,106.619486,26.613284
贵阳市第三人民医院,综合医院,三级未定等,贵州省（40家）,贵州省,贵州省贵阳市南明区花溪大道中段27号(甘荫塘),0851-83813435;0851-83812693,百度地图,106.6813,26.527315
贵阳市第一人民医院,综合医院,三级甲等,贵州省（40家）,贵州省,贵州省贵阳市南明区博爱路97号,0851-85813741,百度地图,106.710682,26.572898
贵阳市妇幼保健院,妇幼保健院,三级甲等,贵州省（40家）,贵州省,贵州省贵阳市云岩区瑞金南路63号,0851-5965786;0851-5962348;0851-5663270,百度地图,106.70515,26.575497
贵阳医学院第二附属医院,综合医院,三级甲等,贵州省（40家）,贵州省,贵州省黔东南苗族侗族自治州凯里市康复路3号,0855-8225083;0855-3833019;0855-8275709,百度地图,107.971166,26.579208
贵阳中医学院第二附属医院,中西医结合医院,三级甲等,贵州省（40家）,贵州省,贵州省贵阳市云岩区飞山街32号,0851-85285555;0851-85282687;0851-85282943;0851-85284822,百度地图,106.707692,26.579568
贵州电力职工医院,综合医院,三级未定等,贵州省（40家）,贵州省,贵州省贵阳市南明区观水路东坛巷22号,0851-85611078,百度地图,106.731345,26.573508
贵州航天医院,综合医院,三级乙等,贵州省（40家）,贵州省,贵州省遵义市汇川区大连路825号,0851-28690133;0851-28611208,百度地图,106.937698,27.715072
贵州盘江投资控股(集团)有限公司总医院,综合医院,三级未定等,贵州省（40家）,贵州省,贵州省六盘水市盘州市红果镇干沟桥盘江大道,0858-3702550,百度地图,104.492821,25.729118
贵州省骨科医院,专科医院,三级甲等,贵州省（40家）,贵州省,贵州省贵阳市南明区沙冲南路123号,0851-85777430;0851-85793204,百度地图,106.701728,26.543853
贵州省人民医院,综合医院,三级甲等,贵州省（40家）,贵州省,贵州省贵阳市南明区中山东路83号,0851-85922979;0851-85929999,百度地图,106.723268,26.576597
贵州省遵义县人民医院,综合医院,三级未定等,贵州省（40家）,贵州省,贵州省遵义市播州区南白街道万寿街91号,0851-27250079;0851-27252510,百度地图,106.833245,27.5325
六盘水市人民医院,综合医院,三级甲等,贵州省（40家）,贵州省,贵州省六盘水市钟山区钟山西路56号,0858-8320508;0858-8321791,百度地图,104.827035,26.59752
黔东南苗族侗族自治州人民医院,综合医院,三级甲等,贵州省（40家）,贵州省,贵州省黔东南苗族侗族自治州凯里市大十字街道韶山南路31号,0855-8218790,百度地图,107.980595,26.576287
黔南布依族苗族自治州人民医院,综合医院,三级甲等,贵州省（40家）,贵州省,贵州省黔南布依族苗族自治州都匀市文峰路9号,0854-8223218,百度地图,107.521073,26.256141
铜仁市第一人民医院,综合医院,三级甲等,贵州省（40家）,贵州省,贵州省铜仁市碧江区川硐教育园区桃源大道中段120号,0856-5229154,百度地图,109.235596,27.784964
兴义市人民医院,综合医院,三级甲等,贵州省（40家）,贵州省,贵州省黔西南布依族苗族自治州兴义市园陵路1号,0859-3294015;0859-3297000,百度地图,104.906682,25.085901
遵义市第一人民医院,综合医院,三级甲等,贵州省（40家）,贵州省,贵州省遵义市汇川区凤凰路98号(洗马桥头),0851-28930870;0851-28932851;0851-28921596,百度地图,106.915058,27.699799
遵义医学院附属医院,综合医院,三级甲等,贵州省（40家）,贵州省,贵州省遵义市汇川区大连路149号,0851-28623430;0851-28608299,百度地图,106.945451,27.706959
保山市人民医院,,三级乙等,云南省（25家）,云南省,云南省保山市隆阳区保岫西路94号,0875-2122054,百度地图,99.158989,25.115915
楚雄州人民医院,综合医院,三级乙等,云南省（25家）,云南省,云南省楚雄彝族自治州楚雄市鹿城南路313号,0878-3123713,百度地图,101.544925,25.029314
大理白族自治州人民医院,综合医院,三级乙等,云南省（25家）,云南省,云南省大理白族自治州大理市人民南路35号,0872-2127127,百度地图,100.221701,25.578171
德宏州医疗集团人民医院,综合医院,三级乙等,云南省（25家）,云南省,云南省德宏傣族景颇族自治州芒市勇罕街13号,0692-2121796,百度地图,98.585079,24.429100
昆明医科大学第三附属医院,专科医院,三级未定等,云南省（25家）,云南省,云南省昆明市西山区昆州路519号,0871-68185656;0871-68181942,百度地图,102.667498,25.043049
昆明医科大学附属口腔医院,专科医院,三级其他,云南省（25家）,云南省,云南省昆明市五华区海源中路1088号(和成国际C座1层),0871-65330099,百度地图,102.662031,25.059049
丽江市人民医院,综合医院,三级乙等,云南省（25家）,云南省,云南省丽江市古城区福慧街522号,0888-5122335;0888-5122817,百度地图,100.2281,26.875719
临沧市人民医院,综合医院,三级乙等,云南省（25家）,云南省,云南省临沧市临翔区南塘街116号,0883-2122235,百度地图,100.085483,23.87517
普洱市人民医院,,三级乙等,云南省（25家）,云南省,云南省普洱市思茅区振兴大道44号,0879-2122227,百度地图,100.972832,22.781707
玉溪市第二人民医院,专科医院,三级未定等,云南省（25家）,云南省,云南省玉溪市红塔区高新技术开发区星云路4号,0877-2068857;0877-2069888,百度地图,102.529497,24.335733
云南省第三人民医院,,三级乙等,云南省（25家）,云南省,云南省昆明市官渡区北京路292号,0871-63192148;0871-63192008,百度地图,102.719664,25.028048
云南省第一人民医院,综合医院,三级甲等,云南省（25家）,云南省,云南省昆明市西山区金碧路157号,0871-63639921;0871-63638048,百度地图,102.707504,25.031568
安康市中心医院,综合医院,三级甲等,陕西省（38家）,陕西省,陕西省安康市汉滨区金州南路85号,0915-3284100;0915-3284328,百度地图,109.027059,32.68981
宝鸡市中心医院,综合医院,三级甲等,陕西省（38家）,陕西省,陕西省宝鸡市渭滨区姜谭路8号,0917-3397644;0917-3397412,百度地图,107.110861,34.35727
汉中市中心医院,综合医院,三级甲等,陕西省（38家）,陕西省,陕西省汉中市汉台区康复路22号,0916-2681101;0916-2681071;0916-2681176,百度地图,107.016383,33.076674
陕西省第四人民医院,综合医院,三级未定等,陕西省（38家）,陕西省,陕西省西安市新城区咸宁东路512号,029-82627001;029-82293951,百度地图,109.017678,34.250308
商洛市中心医院,综合医院,三级乙等,陕西省（38家）,陕西省,陕西省商洛市商州区北新街148号,0914-2313200;0914-2333500,百度地图,109.934735,33.872229
渭南市中心医院,综合医院,三级甲等,陕西省（38家）,陕西省,陕西省渭南市临渭区胜利大街,0913-2168708;0913-2168716,百度地图,109.465357,34.513301
西安市儿童医院,专科医院,三级甲等,陕西省（38家）,陕西省,陕西省西安市莲湖区西举院巷69号,029-87692000;029-87692114;029-87311818,百度地图,108.926844,34.262449
西安市结核病胸部肿瘤医院,专科医院,三级甲等,陕西省（38家）,陕西省,陕西省西安市长安区航天大道东段,029-62500116;029-62500316,百度地图,109.005396,34.17496
榆林市第二医院,综合医院,三级甲等,陕西省（38家）,陕西省,陕西省榆林市榆阳区文化南路,0912-3850703;0912-3362007,百度地图,109.734494,38.272416
甘肃省康复中心医院,,三级甲等,甘肃省（28家）,甘肃省,甘肃省兰州市城关区定西路53号,0931-8610841;0931-8610843,百度地图,103.8657,36.040054
甘肃省肿瘤医院,,三级甲等,甘肃省（28家）,甘肃省,甘肃省兰州市七里河区小西湖东街2号,0931-2302543,百度地图,103.79291,36.065817
嘉峪关市第一人民医院,,三级乙等,甘肃省（28家）,甘肃省,甘肃省嘉峪关市嘉峪关市新华中路26号,0937-6202233;0937-6225553,百度地图,98.2724,39.792678
金川集团有限公司职工医院,,三级其他,甘肃省（28家）,甘肃省,甘肃省金昌市金川区北京路,0935-8324053,百度地图,102.205668,38.52046
兰州市第一人民医院,,三级甲等,甘肃省（28家）,甘肃省,甘肃省兰州市七里河区吴家园1号,0931-2352653;0931-2335411,百度地图,103.77179,36.076092
平凉市第二人民医院,综合医院,三级乙等,甘肃省（28家）,甘肃省,甘肃省平凉市崆峒区东大街79号,0933-8211999;0933-8213455,百度地图,106.681507,35.538004
庆阳市中医医院,,三级乙等,甘肃省（28家）,甘肃省,甘肃省庆阳市西峰区古象西路10号,0934-8212344,百度地图,107.632236,35.748022
省人民医院,,三级甲等,甘肃省（28家）,甘肃省,甘肃省兰州市城关区东岗西路204号,0931-8281114;0931-8281943;0931-8281763,百度地图,103.867159,36.048541
武威市凉州区中医医院,,三级乙等,甘肃省（28家）,甘肃省,甘肃省武威市凉州区东关街复兴南路21号,0935-6161999,百度地图,102.651258,37.925035
武威市人民医院,,三级乙等,甘肃省（28家）,甘肃省,甘肃省武威市凉州区宣武路北侧,0935-5820800,百度地图,102.608227,37.94088
武威市中医医院,,三级乙等,甘肃省（28家）,甘肃省,甘肃省武威市凉州区东关街复兴南路21号,0935-6161999,百度地图,102.651258,37.925035
宁夏回族自治区人民医院,综合医院,三级甲等,宁夏回族自治区（3家）,宁夏回族自治区,宁夏回族自治区银川市金凤区正源北街301号,0951-5920042,百度地图,106.254586,38.503816
银川市第一人民医院,综合医院,三级甲等,宁夏回族自治区（3家）,宁夏回族自治区,宁夏回族自治区银川市兴庆区利群西街40号,0951-6192235;0951-4091448,百度地图,106.273095,38.461549
乌鲁木齐市第四人民医院,,三级未定等,新疆维吾尔自治区（12家）,新疆维吾尔自治区,新疆维吾尔自治区乌鲁木齐市天山区碱泉一街1号,0991-2617697,百度地图,87.642755,43.798225
乌鲁木齐市友谊医院,综合医院,三级甲等,新疆维吾尔自治区（12家）,新疆维吾尔自治区,新疆维吾尔自治区乌鲁木齐市天山区胜利路558号,0991-2863695;0991-2860270;0991-8523556,百度地图,87.615614,43.769863
新疆医科大学第二附属医院,,三级甲等,新疆维吾尔自治区（12家）,新疆维吾尔自治区,新疆维吾尔自治区乌鲁木齐市水磨沟区七道湾南路1284号,0991-4695427;0991-4694067;0991-4695284,百度地图,87.645294,43.877379
新疆医科大学第五附属医院,综合医院,三级甲等,新疆维吾尔自治区（12家）,新疆维吾尔自治区,新疆维吾尔自治区乌鲁木齐市新市区河南西路118号,0991-7923207;0991-3839711,百度地图,87.557236,43.867878
